[
  {
    "id": "ef5c26ac-d4e2-4be3-a67d-cae7e2b47cdd",
    "data": [
      {
        "text": "Hola",
        "userDefined": false
      }
    ],
    "isTemplate": false,
    "count": 0,
    "updated": 0
  },
  {
    "id": "259be6f8-1c63-4ae1-9b5a-96f02f566eae",
    "data": [
      {
        "text": "Hey There!",
        "userDefined": false
      }
    ],
    "isTemplate": false,
    "count": 0,
    "updated": 0
  },
  {
    "id": "3f84f839-fe78-4742-a532-05be607ce119",
    "data": [
      {
        "text": "Hey",
        "userDefined": false
      }
    ],
    "isTemplate": false,
    "count": 0,
    "updated": 0
  },
  {
    "id": "17e9c2df-82ef-4210-ac2e-d75519302b0c",
    "data": [
      {
        "text": "Namaste",
        "userDefined": false
      }
    ],
    "isTemplate": false,
    "count": 0,
    "updated": 0
  },
  {
    "id": "eef2ea20-d838-492d-b844-3b46aeb246e9",
    "data": [
      {
        "text": "Hello",
        "userDefined": false
      }
    ],
    "isTemplate": false,
    "count": 0,
    "updated": 0
  },
  {
    "id": "6c3f1440-29c4-40dd-8702-d9096542664d",
    "data": [
      {
        "text": "Hi",
        "userDefined": false
      }
    ],
    "isTemplate": false,
    "count": 0,
    "updated": 0
  }
]