[
  {
    "id": "7db9232b-ea37-4dc0-881f-16f3e4c5b455",
    "data": [
      {
        "text": "Tell me something about coronavirus.",
        "userDefined": false
      }
    ],
    "isTemplate": false,
    "count": 0,
    "updated": 0
  },
  {
    "id": "6fdf6a04-20c2-4a36-8a86-03413d377cfa",
    "data": [
      {
        "text": "Want to know about covid 19.",
        "userDefined": false
      }
    ],
    "isTemplate": false,
    "count": 0,
    "updated": 0
  },
  {
    "id": "0c285250-a731-4c5b-b541-91307e9a87a9",
    "data": [
      {
        "text": "What is a novel coronavirus?",
        "userDefined": false
      }
    ],
    "isTemplate": false,
    "count": 0,
    "updated": 0
  },
  {
    "id": "6b7257f9-dc32-4bf5-a8f0-8d33ebd2f622",
    "data": [
      {
        "text": "I want to know about coronavirus",
        "userDefined": false
      }
    ],
    "isTemplate": false,
    "count": 0,
    "updated": 0
  },
  {
    "id": "857403d8-2347-4974-a452-3bd309b3db53",
    "data": [
      {
        "text": "Define coronavirus.",
        "userDefined": false
      }
    ],
    "isTemplate": false,
    "count": 0,
    "updated": 0
  },
  {
    "id": "90480258-dc22-4b00-9556-2a7a2f615b23",
    "data": [
      {
        "text": "What is the novel virus going around called?",
        "userDefined": false
      }
    ],
    "isTemplate": false,
    "count": 0,
    "updated": 0
  },
  {
    "id": "3f0d1cbe-cbe3-4c94-82cf-17a128e3ebc0",
    "data": [
      {
        "text": "What to know about the mysterious coronavirus?",
        "userDefined": false
      }
    ],
    "isTemplate": false,
    "count": 0,
    "updated": 0
  },
  {
    "id": "d0a6f098-9105-4066-bfdb-32c32d3a2cfb",
    "data": [
      {
        "text": "What is coronavirus and how did it start?",
        "userDefined": false
      }
    ],
    "isTemplate": false,
    "count": 0,
    "updated": 0
  },
  {
    "id": "5b7361c3-e283-4995-8d93-d1bb5a7af7e6",
    "data": [
      {
        "text": "What can you tell me about viruses ?",
        "userDefined": false
      }
    ],
    "isTemplate": false,
    "count": 0,
    "updated": 0
  },
  {
    "id": "3f5aed04-086c-44b1-9293-e1743eb8272b",
    "data": [
      {
        "text": "What is Covid ?",
        "userDefined": false
      }
    ],
    "isTemplate": false,
    "count": 0,
    "updated": 0
  },
  {
    "id": "aee7a065-3fe2-45ea-8143-ccfb93a4269c",
    "data": [
      {
        "text": "Can you get pneumonia from corona ?",
        "userDefined": false
      }
    ],
    "isTemplate": false,
    "count": 0,
    "updated": 0
  },
  {
    "id": "ed415409-c54d-46f7-b8b9-a00b1bcde353",
    "data": [
      {
        "text": "Is corona related to the flu ?",
        "userDefined": false
      }
    ],
    "isTemplate": false,
    "count": 0,
    "updated": 0
  },
  {
    "id": "34172812-b6ed-4c2c-baa1-8a3ca6454631",
    "data": [
      {
        "text": "What is corona ?",
        "userDefined": false
      }
    ],
    "isTemplate": false,
    "count": 0,
    "updated": 0
  },
  {
    "id": "b31b4b43-cacb-44ca-9ce0-d23a4ce811c5",
    "data": [
      {
        "text": "COVID-19",
        "userDefined": false
      }
    ],
    "isTemplate": false,
    "count": 0,
    "updated": 0
  },
  {
    "id": "4e1b8dd9-9881-4e2b-bda1-9bb39dae4ac1",
    "data": [
      {
        "text": "What is covid-19 and why should i worry?",
        "userDefined": false
      }
    ],
    "isTemplate": false,
    "count": 0,
    "updated": 0
  }
]