[
  {
    "id": "62d3daa0-9e37-46b7-ae8c-bb070900127f",
    "data": [
      {
        "text": "stats",
        "alias": "cases",
        "meta": "@cases",
        "userDefined": true
      }
    ],
    "isTemplate": false,
    "count": 0,
    "updated": 0
  },
  {
    "id": "3cdceeb8-01a4-4ed1-84e3-0b094a2b9016",
    "data": [
      {
        "text": "statistics",
        "alias": "cases",
        "meta": "@cases",
        "userDefined": true
      }
    ],
    "isTemplate": false,
    "count": 0,
    "updated": 0
  },
  {
    "id": "248c4b0e-a47f-45da-8a6b-e7cdfea2e5c8",
    "data": [
      {
        "text": "show ",
        "userDefined": false
      },
      {
        "text": "cases",
        "alias": "cases",
        "meta": "@cases",
        "userDefined": false
      }
    ],
    "isTemplate": false,
    "count": 0,
    "updated": 0
  },
  {
    "id": "7b8b1b96-98c8-4709-bab0-7a26afecd0fc",
    "data": [
      {
        "text": "Show number of ",
        "userDefined": false
      },
      {
        "text": "cases",
        "alias": "cases",
        "meta": "@cases",
        "userDefined": true
      }
    ],
    "isTemplate": false,
    "count": 0,
    "updated": 0
  },
  {
    "id": "59806e0d-ef85-47c3-b6db-b4c9e723f097",
    "data": [
      {
        "text": "cases",
        "alias": "cases",
        "meta": "@cases",
        "userDefined": true
      }
    ],
    "isTemplate": false,
    "count": 1,
    "updated": 0
  },
  {
    "id": "73d47370-01fc-4c05-852a-e35155e14f1e",
    "data": [
      {
        "text": "corona curve",
        "alias": "cases",
        "meta": "@cases",
        "userDefined": true
      }
    ],
    "isTemplate": false,
    "count": 0,
    "updated": 0
  },
  {
    "id": "001e0fbe-ee7d-4504-aea3-c52b8b2e87f8",
    "data": [
      {
        "text": "corona ",
        "userDefined": false
      },
      {
        "text": "deaths",
        "alias": "cases",
        "meta": "@cases",
        "userDefined": true
      }
    ],
    "isTemplate": false,
    "count": 0,
    "updated": 0
  },
  {
    "id": "8908e30c-bae4-4454-aff5-0747f9431c07",
    "data": [
      {
        "text": "corona ",
        "userDefined": false
      },
      {
        "text": "cases",
        "alias": "cases",
        "meta": "@cases",
        "userDefined": true
      }
    ],
    "isTemplate": false,
    "count": 0,
    "updated": 0
  },
  {
    "id": "bd14ad2a-a84f-4134-945e-06fd7f6bf302",
    "data": [
      {
        "text": "number of ",
        "userDefined": false
      },
      {
        "text": "cases",
        "alias": "cases",
        "meta": "@cases",
        "userDefined": true
      }
    ],
    "isTemplate": false,
    "count": 0,
    "updated": 0
  },
  {
    "id": "1f0bffa1-99d7-4c58-a824-27ab51f59930",
    "data": [
      {
        "text": "no of ",
        "userDefined": false
      },
      {
        "text": "cases",
        "alias": "cases",
        "meta": "@cases",
        "userDefined": true
      }
    ],
    "isTemplate": false,
    "count": 0,
    "updated": 0
  },
  {
    "id": "00c67ae8-e3a3-4dab-b87e-557d4bb424ab",
    "data": [
      {
        "text": "world ",
        "userDefined": false
      },
      {
        "text": "cases",
        "alias": "cases",
        "meta": "@cases",
        "userDefined": true
      }
    ],
    "isTemplate": false,
    "count": 1,
    "updated": 0
  }
]