[
  {
    "id": "eb97a1ea-b49e-4389-80b6-4ef1ca74eff9",
    "data": [
      {
        "text": "cases",
        "userDefined": false
      }
    ],
    "isTemplate": false,
    "count": 0,
    "updated": 0
  },
  {
    "id": "f68850c6-9a65-4969-9e73-38e2bb27802a",
    "data": [
      {
        "text": "statistics",
        "userDefined": false
      }
    ],
    "isTemplate": false,
    "count": 0,
    "updated": 0
  },
  {
    "id": "28ea3972-2c55-40a4-a215-5a69832ed786",
    "data": [
      {
        "text": "corona curve",
        "userDefined": false
      }
    ],
    "isTemplate": false,
    "count": 0,
    "updated": 0
  },
  {
    "id": "c997f3e6-86e5-4224-a594-1c699376b990",
    "data": [
      {
        "text": "corona deaths",
        "userDefined": false
      }
    ],
    "isTemplate": false,
    "count": 0,
    "updated": 0
  },
  {
    "id": "70d1e044-95ec-475a-9b80-253c17382a10",
    "data": [
      {
        "text": "corona cases",
        "userDefined": false
      }
    ],
    "isTemplate": false,
    "count": 0,
    "updated": 0
  },
  {
    "id": "c5360ed3-9f9a-4ff0-a529-122d72f34d45",
    "data": [
      {
        "text": "number of cases",
        "userDefined": false
      }
    ],
    "isTemplate": false,
    "count": 0,
    "updated": 0
  },
  {
    "id": "b8e01c3b-ace0-45aa-a59d-9faf900a465d",
    "data": [
      {
        "text": "no of cases",
        "userDefined": false
      }
    ],
    "isTemplate": false,
    "count": 0,
    "updated": 0
  },
  {
    "id": "fb1de0cc-d37f-4347-8c03-8e3813fa43f8",
    "data": [
      {
        "text": "world cases",
        "userDefined": false
      }
    ],
    "isTemplate": false,
    "count": 1,
    "updated": 0
  }
]