[
  {
    "id": "38a9f643-1889-4993-ab81-a0cec66e9a4f",
    "data": [
      {
        "text": "stats",
        "alias": "cases",
        "meta": "@cases",
        "userDefined": true
      }
    ],
    "isTemplate": false,
    "count": 0,
    "updated": 0
  },
  {
    "id": "a0534bfa-8e8f-4ffc-9ef2-53928b08d9f4",
    "data": [
      {
        "text": "statistics",
        "alias": "cases",
        "meta": "@cases",
        "userDefined": true
      }
    ],
    "isTemplate": false,
    "count": 0,
    "updated": 0
  },
  {
    "id": "26435210-f309-4804-a280-a03d5c6b5d99",
    "data": [
      {
        "text": "show ",
        "userDefined": false
      },
      {
        "text": "cases",
        "alias": "cases",
        "meta": "@cases",
        "userDefined": false
      }
    ],
    "isTemplate": false,
    "count": 0,
    "updated": 0
  },
  {
    "id": "469c3cfe-d33a-472a-8246-3f5050769110",
    "data": [
      {
        "text": "Show number of ",
        "userDefined": false
      },
      {
        "text": "cases",
        "alias": "cases",
        "meta": "@cases",
        "userDefined": true
      }
    ],
    "isTemplate": false,
    "count": 0,
    "updated": 0
  },
  {
    "id": "73f6c0db-b0ec-4541-8052-46b96ecd4d7f",
    "data": [
      {
        "text": "cases",
        "alias": "cases",
        "meta": "@cases",
        "userDefined": true
      }
    ],
    "isTemplate": false,
    "count": 1,
    "updated": 0
  },
  {
    "id": "b4b56a6e-11b1-4fe2-b0e0-8d0038990f74",
    "data": [
      {
        "text": "corona curve",
        "alias": "cases",
        "meta": "@cases",
        "userDefined": true
      }
    ],
    "isTemplate": false,
    "count": 0,
    "updated": 0
  },
  {
    "id": "aed602f3-79e3-400e-999a-bb7cfe03abf1",
    "data": [
      {
        "text": "corona ",
        "userDefined": false
      },
      {
        "text": "deaths",
        "alias": "cases",
        "meta": "@cases",
        "userDefined": true
      }
    ],
    "isTemplate": false,
    "count": 0,
    "updated": 0
  },
  {
    "id": "e703af3d-d6f1-4e8c-a8d6-b8178dc3de65",
    "data": [
      {
        "text": "corona ",
        "userDefined": false
      },
      {
        "text": "cases",
        "alias": "cases",
        "meta": "@cases",
        "userDefined": true
      }
    ],
    "isTemplate": false,
    "count": 0,
    "updated": 0
  },
  {
    "id": "4e00b03a-4d7d-4e4c-82ac-bf1e006c0908",
    "data": [
      {
        "text": "number of ",
        "userDefined": false
      },
      {
        "text": "cases",
        "alias": "cases",
        "meta": "@cases",
        "userDefined": true
      }
    ],
    "isTemplate": false,
    "count": 0,
    "updated": 0
  },
  {
    "id": "572e2b2d-e2a1-4dc1-baef-f89571922dfa",
    "data": [
      {
        "text": "no of ",
        "userDefined": false
      },
      {
        "text": "cases",
        "alias": "cases",
        "meta": "@cases",
        "userDefined": true
      }
    ],
    "isTemplate": false,
    "count": 0,
    "updated": 0
  },
  {
    "id": "64e56810-586d-46e8-8f08-a33c61ab709c",
    "data": [
      {
        "text": "world ",
        "userDefined": false
      },
      {
        "text": "cases",
        "alias": "cases",
        "meta": "@cases",
        "userDefined": true
      }
    ],
    "isTemplate": false,
    "count": 1,
    "updated": 0
  }
]