[
  {
    "id": "5068f964-081e-44bd-9ec4-6071e8615121",
    "data": [
      {
        "text": "continue",
        "userDefined": false
      }
    ],
    "isTemplate": false,
    "count": 0,
    "updated": 0
  },
  {
    "id": "3447babb-9de7-4e36-a6d0-2a7b25e726e9",
    "data": [
      {
        "text": "menu",
        "userDefined": false
      }
    ],
    "isTemplate": false,
    "count": 0,
    "updated": 0
  },
  {
    "id": "880f6de8-6379-4d80-9f83-d195ec0f525f",
    "data": [
      {
        "text": "main menu",
        "userDefined": false
      }
    ],
    "isTemplate": false,
    "count": 0,
    "updated": 0
  },
  {
    "id": "9392976c-17d4-49f9-b72a-7ea9a429f136",
    "data": [
      {
        "text": "for ",
        "userDefined": false
      },
      {
        "text": "sure",
        "alias": "affirmative",
        "meta": "@affirmative",
        "userDefined": false
      }
    ],
    "isTemplate": false,
    "count": 0,
    "updated": 0
  },
  {
    "id": "3fc27609-135b-447e-af38-955494983d9c",
    "data": [
      {
        "text": "not now",
        "userDefined": false
      }
    ],
    "isTemplate": false,
    "count": 0,
    "updated": 0
  },
  {
    "id": "10775da1-6039-4031-8b93-f1079866e61a",
    "data": [
      {
        "text": "no",
        "userDefined": false
      }
    ],
    "isTemplate": false,
    "count": 0,
    "updated": 0
  },
  {
    "id": "adf70b5e-ca15-4e62-a800-be4695a7f059",
    "data": [
      {
        "text": "sure",
        "alias": "affirmative",
        "meta": "@affirmative",
        "userDefined": false
      }
    ],
    "isTemplate": false,
    "count": 0,
    "updated": 0
  },
  {
    "id": "187fccda-0e88-44b4-843f-34aa1b99dba7",
    "data": [
      {
        "text": "FAQ",
        "userDefined": false
      }
    ],
    "isTemplate": false,
    "count": 0,
    "updated": 0
  },
  {
    "id": "4c47c924-1367-4dc5-8635-f03197d2ae29",
    "data": [
      {
        "text": "yes",
        "alias": "affirmative",
        "meta": "@affirmative",
        "userDefined": false
      }
    ],
    "isTemplate": false,
    "count": 0,
    "updated": 0
  }
]