[
  {
    "id": "9e52e773-5054-4ff4-98f3-e487c436044d",
    "data": [
      {
        "text": "thank you",
        "userDefined": false
      }
    ],
    "isTemplate": false,
    "count": 0,
    "updated": 0
  },
  {
    "id": "4421fd90-5d4d-4e2a-a0ee-f1b7166a9edf",
    "data": [
      {
        "text": "thanks",
        "userDefined": false
      }
    ],
    "isTemplate": false,
    "count": 0,
    "updated": 0
  },
  {
    "id": "4a1b71aa-f3ed-437e-a7e7-4940f0ef7fc3",
    "data": [
      {
        "text": "continue",
        "userDefined": false
      }
    ],
    "isTemplate": false,
    "count": 0,
    "updated": 0
  },
  {
    "id": "0332c2bf-a4d7-4cb2-9d35-7031ebff015c",
    "data": [
      {
        "text": "menu",
        "userDefined": false
      }
    ],
    "isTemplate": false,
    "count": 0,
    "updated": 0
  },
  {
    "id": "d76d8414-c13b-4992-96e7-d5772b5fd967",
    "data": [
      {
        "text": "main menu",
        "userDefined": false
      }
    ],
    "isTemplate": false,
    "count": 0,
    "updated": 0
  },
  {
    "id": "e23fd1f6-f07f-4358-baf7-7fd415cbac3a",
    "data": [
      {
        "text": "for ",
        "userDefined": false
      },
      {
        "text": "sure",
        "alias": "affirmative",
        "meta": "@affirmative",
        "userDefined": false
      }
    ],
    "isTemplate": false,
    "count": 0,
    "updated": 0
  },
  {
    "id": "a027d24f-7a70-4cf3-aca6-df70404bfda5",
    "data": [
      {
        "text": "not now",
        "userDefined": false
      }
    ],
    "isTemplate": false,
    "count": 0,
    "updated": 0
  },
  {
    "id": "9d40c2e7-5ecd-4026-aaa8-10c44d463982",
    "data": [
      {
        "text": "no",
        "userDefined": false
      }
    ],
    "isTemplate": false,
    "count": 0,
    "updated": 0
  },
  {
    "id": "eb1926d1-3327-4d3f-a577-d07f73c9502b",
    "data": [
      {
        "text": "sure",
        "alias": "affirmative",
        "meta": "@affirmative",
        "userDefined": false
      }
    ],
    "isTemplate": false,
    "count": 0,
    "updated": 0
  },
  {
    "id": "2ead2a57-644d-4bb0-a8b8-05f74b0e5762",
    "data": [
      {
        "text": "FAQ",
        "userDefined": false
      }
    ],
    "isTemplate": false,
    "count": 0,
    "updated": 0
  },
  {
    "id": "3c9fe923-097f-47eb-85fe-f38fbe5f66e4",
    "data": [
      {
        "text": "yes",
        "alias": "affirmative",
        "meta": "@affirmative",
        "userDefined": false
      }
    ],
    "isTemplate": false,
    "count": 0,
    "updated": 0
  }
]