[
  {
    "id": "74574437-6915-4c32-945d-f59903b358fa",
    "data": [
      {
        "text": "Italy",
        "alias": "geo-country",
        "meta": "@sys.geo-country",
        "userDefined": true
      }
    ],
    "isTemplate": false,
    "count": 0,
    "updated": 0
  },
  {
    "id": "03d0fc69-232c-4772-8994-e648caa9c22e",
    "data": [
      {
        "text": "Australia",
        "alias": "geo-country",
        "meta": "@sys.geo-country",
        "userDefined": false
      }
    ],
    "isTemplate": false,
    "count": 0,
    "updated": 0
  },
  {
    "id": "83221832-409c-45d0-a772-1ba68e44553a",
    "data": [
      {
        "text": "Germany",
        "alias": "geo-country",
        "meta": "@sys.geo-country",
        "userDefined": false
      }
    ],
    "isTemplate": false,
    "count": 0,
    "updated": 0
  },
  {
    "id": "cbc94f97-780d-458b-afc0-3d82c4753f66",
    "data": [
      {
        "text": "Brazil",
        "alias": "geo-country",
        "meta": "@sys.geo-country",
        "userDefined": false
      }
    ],
    "isTemplate": false,
    "count": 0,
    "updated": 0
  },
  {
    "id": "e84fc51c-33b3-4bd3-a743-f55c486f0e21",
    "data": [
      {
        "text": "USA",
        "alias": "geo-country",
        "meta": "@sys.geo-country",
        "userDefined": true
      }
    ],
    "isTemplate": false,
    "count": 0,
    "updated": 0
  },
  {
    "id": "aed3ee6d-05c3-44bd-a083-f5a74b97034a",
    "data": [
      {
        "text": "India",
        "alias": "geo-country",
        "meta": "@sys.geo-country",
        "userDefined": false
      }
    ],
    "isTemplate": false,
    "count": 0,
    "updated": 0
  }
]