[
  {
    "id": "b2bdc779-cf06-480d-a950-7bf6be32d878",
    "data": [
      {
        "text": "Italy",
        "alias": "geo-country",
        "meta": "@sys.geo-country",
        "userDefined": true
      }
    ],
    "isTemplate": false,
    "count": 0,
    "updated": 0
  },
  {
    "id": "cf363c16-28ae-43fe-aca9-d7b48026b42f",
    "data": [
      {
        "text": "Australia",
        "alias": "geo-country",
        "meta": "@sys.geo-country",
        "userDefined": false
      }
    ],
    "isTemplate": false,
    "count": 0,
    "updated": 0
  },
  {
    "id": "f36cb7ed-cbe1-4751-be7a-5978325265a1",
    "data": [
      {
        "text": "Germany",
        "alias": "geo-country",
        "meta": "@sys.geo-country",
        "userDefined": false
      }
    ],
    "isTemplate": false,
    "count": 0,
    "updated": 0
  },
  {
    "id": "a2b3ef22-491c-4df7-b09d-92c34c19dd98",
    "data": [
      {
        "text": "Brazil",
        "alias": "geo-country",
        "meta": "@sys.geo-country",
        "userDefined": false
      }
    ],
    "isTemplate": false,
    "count": 0,
    "updated": 0
  },
  {
    "id": "2ff53e5b-203d-492b-8d4f-a1715020699f",
    "data": [
      {
        "text": "USA",
        "alias": "geo-country",
        "meta": "@sys.geo-country",
        "userDefined": true
      }
    ],
    "isTemplate": false,
    "count": 0,
    "updated": 0
  },
  {
    "id": "2821c3c2-2063-40bd-95a8-79b2ca2143e1",
    "data": [
      {
        "text": "India",
        "alias": "geo-country",
        "meta": "@sys.geo-country",
        "userDefined": false
      }
    ],
    "isTemplate": false,
    "count": 0,
    "updated": 0
  }
]