[
  {
    "id": "574b4e17-fec0-4aeb-90bb-a820b60d9168",
    "data": [
      {
        "text": "none",
        "alias": "symptoms",
        "meta": "@symptoms",
        "userDefined": false
      }
    ],
    "isTemplate": false,
    "count": 0,
    "updated": 0
  },
  {
    "id": "f174b61a-d340-4eb0-91c5-6fa0348f43d1",
    "data": [
      {
        "text": "reduced immunity",
        "alias": "diseases",
        "meta": "@diseases",
        "userDefined": false
      }
    ],
    "isTemplate": false,
    "count": 0,
    "updated": 0
  },
  {
    "id": "547b1e5c-1769-48f0-883e-bef275816a64",
    "data": [
      {
        "text": "Stoke",
        "alias": "diseases",
        "meta": "@diseases",
        "userDefined": false
      }
    ],
    "isTemplate": false,
    "count": 0,
    "updated": 0
  },
  {
    "id": "4a5ca26b-0c7d-47bc-9b11-4460c61e6325",
    "data": [
      {
        "text": "lung disease",
        "alias": "diseases",
        "meta": "@diseases",
        "userDefined": false
      }
    ],
    "isTemplate": false,
    "count": 0,
    "updated": 0
  },
  {
    "id": "17b317c6-6402-4622-9d68-396c3f8982c4",
    "data": [
      {
        "text": "kidney disease",
        "alias": "diseases",
        "meta": "@diseases",
        "userDefined": false
      }
    ],
    "isTemplate": false,
    "count": 0,
    "updated": 0
  },
  {
    "id": "24d1ffca-835d-425e-a3a6-25f4f3e957bf",
    "data": [
      {
        "text": "heart disease",
        "alias": "diseases",
        "meta": "@diseases",
        "userDefined": false
      }
    ],
    "isTemplate": false,
    "count": 0,
    "updated": 0
  },
  {
    "id": "8bf4dae6-bea8-4542-8120-861a67f82d73",
    "data": [
      {
        "text": "high blood pressure",
        "alias": "diseases",
        "meta": "@diseases",
        "userDefined": false
      }
    ],
    "isTemplate": false,
    "count": 0,
    "updated": 0
  },
  {
    "id": "2ab9900d-af10-4198-b7bc-104e1560cfb8",
    "data": [
      {
        "text": "diabetes",
        "alias": "diseases",
        "meta": "@diseases",
        "userDefined": false
      }
    ],
    "isTemplate": false,
    "count": 0,
    "updated": 0
  }
]