[
  {
    "id": "d0da6426-a516-4ae5-a960-3b5b434e81ff",
    "data": [
      {
        "text": "none",
        "alias": "symptoms",
        "meta": "@symptoms",
        "userDefined": false
      }
    ],
    "isTemplate": false,
    "count": 0,
    "updated": 0
  },
  {
    "id": "af5c46b8-7ffe-4cc4-943d-ca9e28fd4da2",
    "data": [
      {
        "text": "reduced immunity",
        "alias": "diseases",
        "meta": "@diseases",
        "userDefined": false
      }
    ],
    "isTemplate": false,
    "count": 0,
    "updated": 0
  },
  {
    "id": "36273212-291f-4991-abdf-bea2420c3152",
    "data": [
      {
        "text": "Stoke",
        "alias": "diseases",
        "meta": "@diseases",
        "userDefined": false
      }
    ],
    "isTemplate": false,
    "count": 0,
    "updated": 0
  },
  {
    "id": "c85939f4-0f8c-4653-8e8f-8c138284df50",
    "data": [
      {
        "text": "lung disease",
        "alias": "diseases",
        "meta": "@diseases",
        "userDefined": false
      }
    ],
    "isTemplate": false,
    "count": 0,
    "updated": 0
  },
  {
    "id": "1f5ce3a0-0273-4f14-abe2-f2a9ea61fc1c",
    "data": [
      {
        "text": "kidney disease",
        "alias": "diseases",
        "meta": "@diseases",
        "userDefined": false
      }
    ],
    "isTemplate": false,
    "count": 0,
    "updated": 0
  },
  {
    "id": "ebceceeb-baf8-4b94-9c6a-ddf890cb40c6",
    "data": [
      {
        "text": "heart disease",
        "alias": "diseases",
        "meta": "@diseases",
        "userDefined": false
      }
    ],
    "isTemplate": false,
    "count": 0,
    "updated": 0
  },
  {
    "id": "aa26bec1-dfeb-4a6b-806e-f3d17a8a0c58",
    "data": [
      {
        "text": "high blood pressure",
        "alias": "diseases",
        "meta": "@diseases",
        "userDefined": false
      }
    ],
    "isTemplate": false,
    "count": 0,
    "updated": 0
  },
  {
    "id": "ea2a158d-42a9-4521-a51a-43adb5b5dcf2",
    "data": [
      {
        "text": "diabetes",
        "alias": "diseases",
        "meta": "@diseases",
        "userDefined": false
      }
    ],
    "isTemplate": false,
    "count": 0,
    "updated": 0
  }
]