[
  {
    "id": "4836102e-a36b-4a5d-bf33-3c9cb8d42d31",
    "data": [
      {
        "text": "none",
        "alias": "symptoms",
        "meta": "@symptoms",
        "userDefined": false
      }
    ],
    "isTemplate": false,
    "count": 0,
    "updated": 0
  },
  {
    "id": "02f4d8ca-b2bc-4fb8-9a3c-b02cf4d51613",
    "data": [
      {
        "text": "reduced immunity",
        "alias": "diseases",
        "meta": "@diseases",
        "userDefined": false
      }
    ],
    "isTemplate": false,
    "count": 0,
    "updated": 0
  },
  {
    "id": "4b6fdf91-df40-4ba2-811f-23976e025ac7",
    "data": [
      {
        "text": "Stoke",
        "alias": "diseases",
        "meta": "@diseases",
        "userDefined": false
      }
    ],
    "isTemplate": false,
    "count": 0,
    "updated": 0
  },
  {
    "id": "a34a5cac-cde2-4f89-b9fa-68a363ddb1a4",
    "data": [
      {
        "text": "lung disease",
        "alias": "diseases",
        "meta": "@diseases",
        "userDefined": false
      }
    ],
    "isTemplate": false,
    "count": 0,
    "updated": 0
  },
  {
    "id": "a9aadab7-704a-477c-ad24-7415fda937f0",
    "data": [
      {
        "text": "kidney disease",
        "alias": "diseases",
        "meta": "@diseases",
        "userDefined": false
      }
    ],
    "isTemplate": false,
    "count": 0,
    "updated": 0
  },
  {
    "id": "c16cd17a-cd50-42b6-a339-70eeb977025e",
    "data": [
      {
        "text": "heart disease",
        "alias": "diseases",
        "meta": "@diseases",
        "userDefined": false
      }
    ],
    "isTemplate": false,
    "count": 0,
    "updated": 0
  },
  {
    "id": "863568ea-5dc5-4e24-b0c5-dfff0032cd7b",
    "data": [
      {
        "text": "high blood pressure",
        "alias": "diseases",
        "meta": "@diseases",
        "userDefined": false
      }
    ],
    "isTemplate": false,
    "count": 0,
    "updated": 0
  },
  {
    "id": "dcd8e1e6-5295-4bd7-86f3-4f77ebe84043",
    "data": [
      {
        "text": "diabetes",
        "alias": "diseases",
        "meta": "@diseases",
        "userDefined": false
      }
    ],
    "isTemplate": false,
    "count": 0,
    "updated": 0
  }
]