[
  {
    "id": "cc7aa9b1-499c-4fe9-8c9b-d9baff86b642",
    "data": [
      {
        "text": "cases",
        "alias": "cases",
        "meta": "@cases",
        "userDefined": false
      },
      {
        "text": " of districts",
        "userDefined": false
      }
    ],
    "isTemplate": false,
    "count": 0,
    "updated": 0
  },
  {
    "id": "0bb75208-6fd8-4933-9d70-df63f98e3276",
    "data": [
      {
        "text": "District ",
        "userDefined": false
      },
      {
        "text": "cases",
        "alias": "cases",
        "meta": "@cases",
        "userDefined": false
      }
    ],
    "isTemplate": false,
    "count": 0,
    "updated": 0
  },
  {
    "id": "5a115cf1-4c0a-42e3-8399-918c00931cd1",
    "data": [
      {
        "text": "Show me district wise report",
        "userDefined": false
      }
    ],
    "isTemplate": false,
    "count": 0,
    "updated": 0
  },
  {
    "id": "222a98df-c28d-44cf-a96d-1fa943e45d94",
    "data": [
      {
        "text": "Indian district wise",
        "userDefined": false
      }
    ],
    "isTemplate": false,
    "count": 0,
    "updated": 0
  },
  {
    "id": "1b754738-ca66-41e8-bf51-7e53d306c889",
    "data": [
      {
        "text": "report district wise",
        "userDefined": false
      }
    ],
    "isTemplate": false,
    "count": 0,
    "updated": 0
  }
]