[
  {
    "id": "23d5cc46-c4d6-4392-8683-2b66871e0460",
    "data": [
      {
        "text": "cases",
        "alias": "cases",
        "meta": "@cases",
        "userDefined": false
      },
      {
        "text": " of districts",
        "userDefined": false
      }
    ],
    "isTemplate": false,
    "count": 0,
    "updated": 0
  },
  {
    "id": "210be346-2915-4a08-8357-92456dff2f79",
    "data": [
      {
        "text": "District ",
        "userDefined": false
      },
      {
        "text": "cases",
        "alias": "cases",
        "meta": "@cases",
        "userDefined": false
      }
    ],
    "isTemplate": false,
    "count": 0,
    "updated": 0
  },
  {
    "id": "aee5ba79-7a1f-41a8-98c5-6036b11c65c2",
    "data": [
      {
        "text": "Show me district wise report",
        "userDefined": false
      }
    ],
    "isTemplate": false,
    "count": 0,
    "updated": 0
  },
  {
    "id": "42ab090b-2213-4d61-9931-b9b73ec04dd3",
    "data": [
      {
        "text": "Indian district wise",
        "userDefined": false
      }
    ],
    "isTemplate": false,
    "count": 0,
    "updated": 0
  },
  {
    "id": "8705fc22-6ccc-4515-9810-b47aa39ffb3f",
    "data": [
      {
        "text": "report district wise",
        "userDefined": false
      }
    ],
    "isTemplate": false,
    "count": 0,
    "updated": 0
  }
]