[
  {
    "id": "6d27eba0-da23-4851-9db2-b76bdab9bdc2",
    "data": [
      {
        "text": "emergency",
        "userDefined": false
      }
    ],
    "isTemplate": false,
    "count": 0,
    "updated": 0
  },
  {
    "id": "34f90e45-be22-4c37-a36c-860e8c440ed0",
    "data": [
      {
        "text": "help me",
        "userDefined": false
      }
    ],
    "isTemplate": false,
    "count": 0,
    "updated": 0
  },
  {
    "id": "e30976dd-7fa2-467a-992d-efc87766b82b",
    "data": [
      {
        "text": "assistance",
        "userDefined": false
      }
    ],
    "isTemplate": false,
    "count": 0,
    "updated": 0
  },
  {
    "id": "45447b69-96cc-4b99-9160-42de8e2768af",
    "data": [
      {
        "text": "help",
        "userDefined": false
      }
    ],
    "isTemplate": false,
    "count": 0,
    "updated": 0
  }
]