[
  {
    "id": "0009c39e-6210-4ede-a418-dc550722597e",
    "data": [
      {
        "text": "emergency",
        "userDefined": false
      }
    ],
    "isTemplate": false,
    "count": 0,
    "updated": 0
  },
  {
    "id": "4867dd97-21de-4d5b-a74b-e0fbde68ca04",
    "data": [
      {
        "text": "help me",
        "userDefined": false
      }
    ],
    "isTemplate": false,
    "count": 0,
    "updated": 0
  },
  {
    "id": "888219d0-f0a2-4387-a9ff-9ab88384cf41",
    "data": [
      {
        "text": "assistance",
        "userDefined": false
      }
    ],
    "isTemplate": false,
    "count": 0,
    "updated": 0
  },
  {
    "id": "45e27393-4509-45a6-bc0f-21dc75c52304",
    "data": [
      {
        "text": "help",
        "userDefined": false
      }
    ],
    "isTemplate": false,
    "count": 0,
    "updated": 0
  }
]