[
  {
    "id": "db259604-7092-497e-9850-4a75e58bc1fd",
    "data": [
      {
        "text": "emergency",
        "userDefined": false
      }
    ],
    "isTemplate": false,
    "count": 0,
    "updated": 0
  },
  {
    "id": "a80f2198-b5c4-4aa7-9c68-75d352ff04aa",
    "data": [
      {
        "text": "help me",
        "userDefined": false
      }
    ],
    "isTemplate": false,
    "count": 0,
    "updated": 0
  },
  {
    "id": "62c86136-f296-4260-8f3e-7ed2ef820ef3",
    "data": [
      {
        "text": "assistance",
        "userDefined": false
      }
    ],
    "isTemplate": false,
    "count": 0,
    "updated": 0
  },
  {
    "id": "c4eb6a2a-834d-4ea2-ba7b-f19fa404c4d3",
    "data": [
      {
        "text": "help",
        "userDefined": false
      }
    ],
    "isTemplate": false,
    "count": 0,
    "updated": 0
  }
]