[
  {
    "id": "1faf5889-90be-4645-bf23-de2d1bb8cd79",
    "data": [
      {
        "text": "list of indian ",
        "userDefined": false
      },
      {
        "text": "states",
        "alias": "states",
        "meta": "@states",
        "userDefined": false
      }
    ],
    "isTemplate": false,
    "count": 0,
    "updated": 0
  },
  {
    "id": "efe82354-20b8-432f-94f4-5cbb1c2f58fb",
    "data": [
      {
        "text": "indian ",
        "userDefined": false
      },
      {
        "text": "state",
        "alias": "states",
        "meta": "@states",
        "userDefined": false
      },
      {
        "text": " list",
        "userDefined": false
      }
    ],
    "isTemplate": false,
    "count": 0,
    "updated": 0
  },
  {
    "id": "832ba963-c248-4934-93b9-1b083124d631",
    "data": [
      {
        "text": "states",
        "alias": "states",
        "meta": "@states",
        "userDefined": false
      },
      {
        "text": " list",
        "userDefined": false
      }
    ],
    "isTemplate": false,
    "count": 0,
    "updated": 0
  },
  {
    "id": "17647533-11fe-4f58-a759-73c73532a77e",
    "data": [
      {
        "text": "states",
        "alias": "states",
        "meta": "@states",
        "userDefined": true
      },
      {
        "text": " of ",
        "userDefined": false
      },
      {
        "text": "india",
        "meta": "@sys.ignore",
        "userDefined": false
      }
    ],
    "isTemplate": false,
    "count": 0,
    "updated": 0
  },
  {
    "id": "0e8ad1eb-94fb-463a-a2e3-c1a82636a696",
    "data": [
      {
        "text": "states",
        "alias": "states",
        "meta": "@states",
        "userDefined": true
      }
    ],
    "isTemplate": false,
    "count": 0,
    "updated": 0
  },
  {
    "id": "afe13f2b-8500-4fe8-9047-1ccae6db79a3",
    "data": [
      {
        "text": "Indian ",
        "userDefined": false
      },
      {
        "text": "States",
        "alias": "states",
        "meta": "@states",
        "userDefined": true
      }
    ],
    "isTemplate": false,
    "count": 0,
    "updated": 0
  }
]