[
  {
    "id": "985f1eac-e721-4d3c-89fc-716a60c373fd",
    "data": [
      {
        "text": "list of indian ",
        "userDefined": false
      },
      {
        "text": "states",
        "alias": "states",
        "meta": "@states",
        "userDefined": false
      }
    ],
    "isTemplate": false,
    "count": 0,
    "updated": 0
  },
  {
    "id": "1c4fab95-fa58-4275-a77f-2ea5f2dfe668",
    "data": [
      {
        "text": "indian ",
        "userDefined": false
      },
      {
        "text": "state",
        "alias": "states",
        "meta": "@states",
        "userDefined": false
      },
      {
        "text": " list",
        "userDefined": false
      }
    ],
    "isTemplate": false,
    "count": 0,
    "updated": 0
  },
  {
    "id": "e75191de-9cc8-47aa-980e-36155f27644d",
    "data": [
      {
        "text": "states",
        "alias": "states",
        "meta": "@states",
        "userDefined": false
      },
      {
        "text": " list",
        "userDefined": false
      }
    ],
    "isTemplate": false,
    "count": 0,
    "updated": 0
  },
  {
    "id": "df03c508-1bc1-499b-bcc0-add17f4dd327",
    "data": [
      {
        "text": "states",
        "alias": "states",
        "meta": "@states",
        "userDefined": true
      },
      {
        "text": " of ",
        "userDefined": false
      },
      {
        "text": "india",
        "meta": "@sys.ignore",
        "userDefined": false
      }
    ],
    "isTemplate": false,
    "count": 0,
    "updated": 0
  },
  {
    "id": "714bd7bf-a597-4273-8e06-a0651e1d2f97",
    "data": [
      {
        "text": "states",
        "alias": "states",
        "meta": "@states",
        "userDefined": true
      }
    ],
    "isTemplate": false,
    "count": 0,
    "updated": 0
  },
  {
    "id": "0427c113-301a-49d4-af4d-2c4bd47920bb",
    "data": [
      {
        "text": "Indian ",
        "userDefined": false
      },
      {
        "text": "States",
        "alias": "states",
        "meta": "@states",
        "userDefined": true
      }
    ],
    "isTemplate": false,
    "count": 0,
    "updated": 0
  }
]