[
  {
    "id": "6720b57b-aa63-412e-beca-f5e2de1972ad",
    "data": [
      {
        "text": " co",
        "userDefined": false
      }
    ],
    "isTemplate": false,
    "count": 0,
    "updated": 0
  },
  {
    "id": "0494e949-95da-491d-9039-51735f308eb1",
    "data": [
      {
        "text": "Tell me something about coronavirus.",
        "userDefined": false
      }
    ],
    "isTemplate": false,
    "count": 0,
    "updated": 0
  },
  {
    "id": "0a901de0-e6f0-45c2-a07a-e2a5a89c84c3",
    "data": [
      {
        "text": "Want to know about covid 19.",
        "userDefined": false
      }
    ],
    "isTemplate": false,
    "count": 0,
    "updated": 0
  },
  {
    "id": "a9e58fef-256e-473b-aec7-7c7f696a9461",
    "data": [
      {
        "text": "What is a novel coronavirus?",
        "userDefined": false
      }
    ],
    "isTemplate": false,
    "count": 1,
    "updated": 0
  },
  {
    "id": "fc37a67a-5962-4537-9f23-15eaffa83638",
    "data": [
      {
        "text": "I want to know about coronavirus",
        "userDefined": false
      }
    ],
    "isTemplate": false,
    "count": 0,
    "updated": 0
  },
  {
    "id": "7a7f799d-0724-4eb3-89bb-82d28de585b2",
    "data": [
      {
        "text": "Define coronavirus.",
        "userDefined": false
      }
    ],
    "isTemplate": false,
    "count": 0,
    "updated": 0
  },
  {
    "id": "3fa79370-00fa-455a-9fb7-543e227f48f9",
    "data": [
      {
        "text": "What is the novel virus going around called?",
        "userDefined": false
      }
    ],
    "isTemplate": false,
    "count": 0,
    "updated": 0
  },
  {
    "id": "8273dd85-3f91-4297-906b-55ccf2f4e459",
    "data": [
      {
        "text": "What to know about the mysterious coronavirus?",
        "userDefined": false
      }
    ],
    "isTemplate": false,
    "count": 0,
    "updated": 0
  },
  {
    "id": "8d6e7180-a7b3-4d3d-919e-b795ce55e888",
    "data": [
      {
        "text": "What is coronavirus and how did it start?",
        "userDefined": false
      }
    ],
    "isTemplate": false,
    "count": 0,
    "updated": 0
  },
  {
    "id": "4a1d8b02-d807-46ac-bdf5-6080ed89d5d4",
    "data": [
      {
        "text": "What can you tell me about viruses ?",
        "userDefined": false
      }
    ],
    "isTemplate": false,
    "count": 0,
    "updated": 0
  },
  {
    "id": "e9dc711e-6592-4686-8a8d-450d1f600b9c",
    "data": [
      {
        "text": "What is Covid ?",
        "userDefined": false
      }
    ],
    "isTemplate": false,
    "count": 0,
    "updated": 0
  },
  {
    "id": "fe173326-34be-438e-a343-2de4e47a6685",
    "data": [
      {
        "text": "Can you get pneumonia from corona ?",
        "userDefined": false
      }
    ],
    "isTemplate": false,
    "count": 0,
    "updated": 0
  },
  {
    "id": "decee0a4-ba3a-4c5d-8608-705b77b2b915",
    "data": [
      {
        "text": "Is corona related to the flu ?",
        "userDefined": false
      }
    ],
    "isTemplate": false,
    "count": 0,
    "updated": 0
  },
  {
    "id": "fa7bf122-7b73-4227-9b4f-89d90c3cffbe",
    "data": [
      {
        "text": "What is corona ?",
        "userDefined": false
      }
    ],
    "isTemplate": false,
    "count": 0,
    "updated": 0
  },
  {
    "id": "aa0f750b-5364-477b-baf9-ad6677dc5584",
    "data": [
      {
        "text": "COVID-19",
        "userDefined": false
      }
    ],
    "isTemplate": false,
    "count": 0,
    "updated": 0
  },
  {
    "id": "93ccd098-a103-4431-be90-d53172b77ab5",
    "data": [
      {
        "text": "What is covid-19 and why should i worry?",
        "userDefined": false
      }
    ],
    "isTemplate": false,
    "count": 0,
    "updated": 0
  },
  {
    "id": "91cf38f1-782a-4a04-ac80-d3ea2e4e8390",
    "data": [
      {
        "text": "Want to know about covid 19",
        "userDefined": false
      }
    ],
    "isTemplate": false,
    "count": 0,
    "updated": 0
  },
  {
    "id": "d2bd7cc9-31e9-4c3a-be70-1ceba430f575",
    "data": [
      {
        "text": "about corona virus",
        "userDefined": false
      }
    ],
    "isTemplate": false,
    "count": 0,
    "updated": 0
  },
  {
    "id": "2ed63df1-ebd1-4b8d-802d-0dd61cba5a34",
    "data": [
      {
        "text": "Tell",
        "alias": "information",
        "meta": "@information",
        "userDefined": true
      },
      {
        "text": " about corona virus",
        "userDefined": false
      }
    ],
    "isTemplate": false,
    "count": 0,
    "updated": 0
  },
  {
    "id": "c4a8b271-32c8-49ea-9d5f-47feee137614",
    "data": [
      {
        "text": "what\u0027s corona",
        "userDefined": false
      }
    ],
    "isTemplate": false,
    "count": 0,
    "updated": 0
  },
  {
    "id": "a6a910f5-aabb-4786-a4f6-d75481ba9fea",
    "data": [
      {
        "text": "I want to ",
        "userDefined": false
      },
      {
        "text": "know",
        "alias": "information",
        "meta": "@information",
        "userDefined": true
      },
      {
        "text": " about coronavirus",
        "userDefined": false
      }
    ],
    "isTemplate": false,
    "count": 0,
    "updated": 0
  },
  {
    "id": "64c135b5-f7dc-4486-be18-2cc0d84aeb99",
    "data": [
      {
        "text": "info",
        "alias": "information",
        "meta": "@information",
        "userDefined": true
      },
      {
        "text": " covid",
        "userDefined": false
      }
    ],
    "isTemplate": false,
    "count": 0,
    "updated": 0
  },
  {
    "id": "de158d10-8626-42b8-ba8b-dfa34699ddb0",
    "data": [
      {
        "text": "covid ",
        "userDefined": false
      },
      {
        "text": "info",
        "alias": "information",
        "meta": "@information",
        "userDefined": true
      }
    ],
    "isTemplate": false,
    "count": 0,
    "updated": 0
  },
  {
    "id": "17c22f7d-bf47-4c22-aa05-835ed22ce521",
    "data": [
      {
        "text": "corona ",
        "userDefined": false
      },
      {
        "text": "info",
        "alias": "information",
        "meta": "@information",
        "userDefined": true
      }
    ],
    "isTemplate": false,
    "count": 0,
    "updated": 0
  },
  {
    "id": "ed2ab2b0-e50e-4158-a9e8-42d924a6677b",
    "data": [
      {
        "text": "corona ",
        "userDefined": false
      },
      {
        "text": "information",
        "alias": "information",
        "meta": "@information",
        "userDefined": true
      }
    ],
    "isTemplate": false,
    "count": 0,
    "updated": 0
  },
  {
    "id": "29f1525d-1536-41dc-9b8f-99b7e997c9d7",
    "data": [
      {
        "text": "information",
        "alias": "information",
        "meta": "@information",
        "userDefined": true
      },
      {
        "text": " about corona",
        "userDefined": false
      }
    ],
    "isTemplate": false,
    "count": 0,
    "updated": 0
  },
  {
    "id": "009dadf0-1764-4804-acd6-3f19ec77445b",
    "data": [
      {
        "text": "information",
        "alias": "information",
        "meta": "@information",
        "userDefined": true
      }
    ],
    "isTemplate": false,
    "count": 0,
    "updated": 0
  },
  {
    "id": "eb4a9efe-01e7-40cb-b309-b77f98dcd568",
    "data": [
      {
        "text": "!",
        "userDefined": false
      },
      {
        "text": "info",
        "alias": "information",
        "meta": "@information",
        "userDefined": true
      }
    ],
    "isTemplate": false,
    "count": 0,
    "updated": 0
  }
]