[
  {
    "id": "c3d45d25-23ba-4fd6-8f72-1d2a5657a596",
    "data": [
      {
        "text": "info covid",
        "userDefined": false
      }
    ],
    "isTemplate": false,
    "count": 0,
    "updated": 0
  },
  {
    "id": "b2f004e2-1eb1-4a5e-bf21-6884fbad1efe",
    "data": [
      {
        "text": "covid info",
        "userDefined": false
      }
    ],
    "isTemplate": false,
    "count": 0,
    "updated": 0
  },
  {
    "id": "2878db1c-4789-49d8-9994-1e5f59a4f4c3",
    "data": [
      {
        "text": "corona info",
        "userDefined": false
      }
    ],
    "isTemplate": false,
    "count": 0,
    "updated": 0
  },
  {
    "id": "ebab9df9-41d3-43c4-820e-900dcfd7119f",
    "data": [
      {
        "text": "corona information",
        "userDefined": false
      }
    ],
    "isTemplate": false,
    "count": 0,
    "updated": 0
  },
  {
    "id": "60249ffb-ad25-418a-9810-b3de9662a3c7",
    "data": [
      {
        "text": "information about corona",
        "userDefined": false
      }
    ],
    "isTemplate": false,
    "count": 0,
    "updated": 0
  },
  {
    "id": "e80815cd-d32e-4985-aa96-6e62a6fe9b4f",
    "data": [
      {
        "text": "information",
        "userDefined": false
      }
    ],
    "isTemplate": false,
    "count": 0,
    "updated": 0
  },
  {
    "id": "7f345e15-5356-46b6-9a8f-29f63be47ff1",
    "data": [
      {
        "text": "!info",
        "userDefined": false
      }
    ],
    "isTemplate": false,
    "count": 0,
    "updated": 0
  }
]