[
  {
    "id": "2aef8618-de2c-45a9-ad85-e21ef8eb8a3c",
    "data": [
      {
        "text": " co",
        "userDefined": false
      }
    ],
    "isTemplate": false,
    "count": 0,
    "updated": 0
  },
  {
    "id": "d19a02af-ac31-4f42-b830-e5d2c5fbd475",
    "data": [
      {
        "text": "Tell me something about coronavirus.",
        "userDefined": false
      }
    ],
    "isTemplate": false,
    "count": 0,
    "updated": 0
  },
  {
    "id": "c0e8f0a3-6e47-41e8-9e77-e2e5996d1c49",
    "data": [
      {
        "text": "Want to know about covid 19.",
        "userDefined": false
      }
    ],
    "isTemplate": false,
    "count": 0,
    "updated": 0
  },
  {
    "id": "39c75f9c-c2fd-444c-8d5c-d19658042356",
    "data": [
      {
        "text": "What is a novel coronavirus?",
        "userDefined": false
      }
    ],
    "isTemplate": false,
    "count": 1,
    "updated": 0
  },
  {
    "id": "eaa5705b-36b5-4bb1-935d-e6f342976c8b",
    "data": [
      {
        "text": "I want to know about coronavirus",
        "userDefined": false
      }
    ],
    "isTemplate": false,
    "count": 0,
    "updated": 0
  },
  {
    "id": "ea01c54e-90df-4e3c-87ca-b3ff80f41af0",
    "data": [
      {
        "text": "Define coronavirus.",
        "userDefined": false
      }
    ],
    "isTemplate": false,
    "count": 0,
    "updated": 0
  },
  {
    "id": "43e6f60c-633d-4b3f-a17a-190c26e7d6d1",
    "data": [
      {
        "text": "What is the novel virus going around called?",
        "userDefined": false
      }
    ],
    "isTemplate": false,
    "count": 0,
    "updated": 0
  },
  {
    "id": "0eb6d97a-4b12-42fd-a005-7c4a4e30b6a4",
    "data": [
      {
        "text": "What to know about the mysterious coronavirus?",
        "userDefined": false
      }
    ],
    "isTemplate": false,
    "count": 0,
    "updated": 0
  },
  {
    "id": "d2528e78-86a1-4524-ac4f-e0903dc9db25",
    "data": [
      {
        "text": "What is coronavirus and how did it start?",
        "userDefined": false
      }
    ],
    "isTemplate": false,
    "count": 0,
    "updated": 0
  },
  {
    "id": "81952489-6c34-436a-978d-00378e14e3a1",
    "data": [
      {
        "text": "What can you tell me about viruses ?",
        "userDefined": false
      }
    ],
    "isTemplate": false,
    "count": 0,
    "updated": 0
  },
  {
    "id": "9abc5f06-2b90-47f1-b73b-2c53e30017d6",
    "data": [
      {
        "text": "What is Covid ?",
        "userDefined": false
      }
    ],
    "isTemplate": false,
    "count": 0,
    "updated": 0
  },
  {
    "id": "ac82d1cc-aed7-406c-a87c-9b3a8f89406f",
    "data": [
      {
        "text": "Can you get pneumonia from corona ?",
        "userDefined": false
      }
    ],
    "isTemplate": false,
    "count": 0,
    "updated": 0
  },
  {
    "id": "b34dd15d-5d9c-4848-bc7c-7882954fc933",
    "data": [
      {
        "text": "Is corona related to the flu ?",
        "userDefined": false
      }
    ],
    "isTemplate": false,
    "count": 0,
    "updated": 0
  },
  {
    "id": "9a632fd3-55c2-4e7c-aab7-3279a7c8fe3d",
    "data": [
      {
        "text": "What is corona ?",
        "userDefined": false
      }
    ],
    "isTemplate": false,
    "count": 0,
    "updated": 0
  },
  {
    "id": "510056d3-c453-4f46-9169-3cfd9f890b78",
    "data": [
      {
        "text": "COVID-19",
        "userDefined": false
      }
    ],
    "isTemplate": false,
    "count": 0,
    "updated": 0
  },
  {
    "id": "418e7825-baa9-467b-8962-5e9da8a5fc11",
    "data": [
      {
        "text": "What is covid-19 and why should i worry?",
        "userDefined": false
      }
    ],
    "isTemplate": false,
    "count": 0,
    "updated": 0
  },
  {
    "id": "60b36ba2-33ab-480c-8eda-47c88e0cf1f5",
    "data": [
      {
        "text": "Want to know about covid 19",
        "userDefined": false
      }
    ],
    "isTemplate": false,
    "count": 0,
    "updated": 0
  },
  {
    "id": "e04589a3-b595-45ec-a42f-9dba250d2283",
    "data": [
      {
        "text": "about corona virus",
        "userDefined": false
      }
    ],
    "isTemplate": false,
    "count": 0,
    "updated": 0
  },
  {
    "id": "65c04393-1fb0-41c4-bcc4-f687c04258e0",
    "data": [
      {
        "text": "Tell",
        "alias": "information",
        "meta": "@information",
        "userDefined": true
      },
      {
        "text": " about corona virus",
        "userDefined": false
      }
    ],
    "isTemplate": false,
    "count": 0,
    "updated": 0
  },
  {
    "id": "8086eaca-8d41-41c4-b0de-05b3460b1d54",
    "data": [
      {
        "text": "what\u0027s corona",
        "userDefined": false
      }
    ],
    "isTemplate": false,
    "count": 0,
    "updated": 0
  },
  {
    "id": "aad8e29f-ede0-4019-84b7-a18fad684599",
    "data": [
      {
        "text": "I want to ",
        "userDefined": false
      },
      {
        "text": "know",
        "alias": "information",
        "meta": "@information",
        "userDefined": true
      },
      {
        "text": " about coronavirus",
        "userDefined": false
      }
    ],
    "isTemplate": false,
    "count": 0,
    "updated": 0
  },
  {
    "id": "80e9d877-9795-4763-99a3-ac784fd30c0f",
    "data": [
      {
        "text": "info",
        "alias": "information",
        "meta": "@information",
        "userDefined": true
      },
      {
        "text": " covid",
        "userDefined": false
      }
    ],
    "isTemplate": false,
    "count": 0,
    "updated": 0
  },
  {
    "id": "8db53169-20c0-48a9-9a76-2e4b1a357812",
    "data": [
      {
        "text": "covid ",
        "userDefined": false
      },
      {
        "text": "info",
        "alias": "information",
        "meta": "@information",
        "userDefined": true
      }
    ],
    "isTemplate": false,
    "count": 0,
    "updated": 0
  },
  {
    "id": "8f5e658f-0b3f-440a-b70c-8436e5953d5e",
    "data": [
      {
        "text": "corona ",
        "userDefined": false
      },
      {
        "text": "info",
        "alias": "information",
        "meta": "@information",
        "userDefined": true
      }
    ],
    "isTemplate": false,
    "count": 0,
    "updated": 0
  },
  {
    "id": "330f44b1-859c-4f93-92e2-c1f06d25827c",
    "data": [
      {
        "text": "corona ",
        "userDefined": false
      },
      {
        "text": "information",
        "alias": "information",
        "meta": "@information",
        "userDefined": true
      }
    ],
    "isTemplate": false,
    "count": 0,
    "updated": 0
  },
  {
    "id": "89270937-cb4b-4c73-92ac-4b856493e45f",
    "data": [
      {
        "text": "information",
        "alias": "information",
        "meta": "@information",
        "userDefined": true
      },
      {
        "text": " about corona",
        "userDefined": false
      }
    ],
    "isTemplate": false,
    "count": 0,
    "updated": 0
  },
  {
    "id": "014db238-fc16-4349-9cef-b215fc085e5b",
    "data": [
      {
        "text": "information",
        "alias": "information",
        "meta": "@information",
        "userDefined": true
      }
    ],
    "isTemplate": false,
    "count": 0,
    "updated": 0
  },
  {
    "id": "23dbb01c-2a32-443f-9c61-0d8cdb9f4119",
    "data": [
      {
        "text": "!",
        "userDefined": false
      },
      {
        "text": "info",
        "alias": "information",
        "meta": "@information",
        "userDefined": true
      }
    ],
    "isTemplate": false,
    "count": 0,
    "updated": 0
  }
]