[
  {
    "id": "235615a7-b567-4d9e-8a63-f19980a3b6d8",
    "data": [
      {
        "text": "Hola",
        "userDefined": false
      }
    ],
    "isTemplate": false,
    "count": 0,
    "updated": 0
  },
  {
    "id": "2d53af50-d120-4d08-8561-5fa6f30f94cb",
    "data": [
      {
        "text": "Hey There!",
        "userDefined": false
      }
    ],
    "isTemplate": false,
    "count": 0,
    "updated": 0
  },
  {
    "id": "25512f5e-a45c-402a-b1ba-36439ecf1ea3",
    "data": [
      {
        "text": "Hey",
        "userDefined": false
      }
    ],
    "isTemplate": false,
    "count": 0,
    "updated": 0
  },
  {
    "id": "dee01d60-0164-4835-81d6-0d6a438d6833",
    "data": [
      {
        "text": "Namaste",
        "userDefined": false
      }
    ],
    "isTemplate": false,
    "count": 0,
    "updated": 0
  },
  {
    "id": "86eb8b46-506e-4dc4-973d-3eb4d4ce96b8",
    "data": [
      {
        "text": "Hello",
        "userDefined": false
      }
    ],
    "isTemplate": false,
    "count": 0,
    "updated": 0
  },
  {
    "id": "8cc57fc0-9ad5-4abe-ba06-bb8942eeda6c",
    "data": [
      {
        "text": "Hi",
        "userDefined": false
      }
    ],
    "isTemplate": false,
    "count": 0,
    "updated": 0
  }
]