[
  {
    "id": "efd95a77-31b2-4ce9-9674-51017ee9f715",
    "data": [
      {
        "text": "Hola",
        "userDefined": false
      }
    ],
    "isTemplate": false,
    "count": 0,
    "updated": 0
  },
  {
    "id": "f8de4bd4-5277-4d46-9061-83bab1bde029",
    "data": [
      {
        "text": "Hey There!",
        "userDefined": false
      }
    ],
    "isTemplate": false,
    "count": 0,
    "updated": 0
  },
  {
    "id": "fb336018-436b-472e-beae-49dbcc37453c",
    "data": [
      {
        "text": "Hey",
        "userDefined": false
      }
    ],
    "isTemplate": false,
    "count": 0,
    "updated": 0
  },
  {
    "id": "6f77b8f6-d5bb-4331-9b62-f5751ad1f182",
    "data": [
      {
        "text": "Namaste",
        "userDefined": false
      }
    ],
    "isTemplate": false,
    "count": 0,
    "updated": 0
  },
  {
    "id": "d6a83887-ffd7-4719-a477-ddbeb42ef488",
    "data": [
      {
        "text": "Hello",
        "userDefined": false
      }
    ],
    "isTemplate": false,
    "count": 0,
    "updated": 0
  },
  {
    "id": "25c74738-d12d-402e-ac9b-d8afe43b97ed",
    "data": [
      {
        "text": "Hi",
        "userDefined": false
      }
    ],
    "isTemplate": false,
    "count": 0,
    "updated": 0
  }
]