[
  {
    "id": "1ce20ed7-0751-47dd-bd96-99817b8a15c3",
    "data": [
      {
        "text": "myths and rumours",
        "userDefined": false
      }
    ],
    "isTemplate": false,
    "count": 0,
    "updated": 0
  },
  {
    "id": "e2d2ab00-eaa9-45f8-952b-c7f48a6e9456",
    "data": [
      {
        "text": "rumours and myths",
        "userDefined": false
      }
    ],
    "isTemplate": false,
    "count": 0,
    "updated": 0
  },
  {
    "id": "402aad08-6637-4272-b298-ee9fe7749bf9",
    "data": [
      {
        "text": "rumours",
        "userDefined": false
      }
    ],
    "isTemplate": false,
    "count": 0,
    "updated": 0
  },
  {
    "id": "4d02d863-6868-49ba-a3d4-bc22f18c078c",
    "data": [
      {
        "text": "myths",
        "userDefined": false
      }
    ],
    "isTemplate": false,
    "count": 0,
    "updated": 0
  }
]