[
  {
    "id": "4b8eaea5-a386-4505-8544-18811333c606",
    "data": [
      {
        "text": "myths and rumours",
        "userDefined": false
      }
    ],
    "isTemplate": false,
    "count": 0,
    "updated": 0
  },
  {
    "id": "ae27a6e9-509a-4bb7-8c95-0336cc3e5880",
    "data": [
      {
        "text": "rumours and myths",
        "userDefined": false
      }
    ],
    "isTemplate": false,
    "count": 0,
    "updated": 0
  },
  {
    "id": "fbcc7420-2180-49dd-bb92-9894964780ae",
    "data": [
      {
        "text": "rumours",
        "userDefined": false
      }
    ],
    "isTemplate": false,
    "count": 0,
    "updated": 0
  },
  {
    "id": "961e07ec-b465-424f-a781-aaa9718837d3",
    "data": [
      {
        "text": "myths",
        "userDefined": false
      }
    ],
    "isTemplate": false,
    "count": 0,
    "updated": 0
  }
]