[
  {
    "id": "cff396a1-6fef-4ccd-a1d9-7d7af8b192dc",
    "data": [
      {
        "text": "myths and rumours",
        "userDefined": false
      }
    ],
    "isTemplate": false,
    "count": 0,
    "updated": 0
  },
  {
    "id": "790186c8-0929-4ce0-be7d-69fae043402e",
    "data": [
      {
        "text": "rumours and myths",
        "userDefined": false
      }
    ],
    "isTemplate": false,
    "count": 0,
    "updated": 0
  },
  {
    "id": "83ede2d3-d1df-4a7d-8439-9d7d489400b6",
    "data": [
      {
        "text": "rumours",
        "userDefined": false
      }
    ],
    "isTemplate": false,
    "count": 0,
    "updated": 0
  },
  {
    "id": "18688a36-bb9b-4c29-bbfc-e1b50d35690f",
    "data": [
      {
        "text": "myths",
        "userDefined": false
      }
    ],
    "isTemplate": false,
    "count": 0,
    "updated": 0
  }
]