[
  {
    "id": "a77a3196-fb5b-4f33-a2a8-5c2fd9e98a35",
    "data": [
      {
        "text": "corona prevention",
        "userDefined": false
      }
    ],
    "isTemplate": false,
    "count": 0,
    "updated": 0
  },
  {
    "id": "860ece4d-e0e9-4025-83a5-d975d0a0d550",
    "data": [
      {
        "text": "prevent corona",
        "userDefined": false
      }
    ],
    "isTemplate": false,
    "count": 0,
    "updated": 0
  },
  {
    "id": "b5952542-c41c-471b-b431-edda564e048e",
    "data": [
      {
        "text": "how to stay safe?",
        "userDefined": false
      }
    ],
    "isTemplate": false,
    "count": 0,
    "updated": 0
  },
  {
    "id": "d44b647c-08da-41c0-8545-1b8170d8b02f",
    "data": [
      {
        "text": "how to prevent?",
        "userDefined": false
      }
    ],
    "isTemplate": false,
    "count": 0,
    "updated": 0
  },
  {
    "id": "94174776-2f98-4116-9123-b4db11486a6a",
    "data": [
      {
        "text": "how to stay away from corona?",
        "userDefined": false
      }
    ],
    "isTemplate": false,
    "count": 0,
    "updated": 0
  },
  {
    "id": "177d56a4-7272-4db7-a09b-06b9ef4adfda",
    "data": [
      {
        "text": "prevention",
        "userDefined": false
      }
    ],
    "isTemplate": false,
    "count": 1,
    "updated": 0
  }
]