[
  {
    "id": "208ed9ea-fcb6-4c9f-ae36-2c5f6bbd2d8b",
    "data": [
      {
        "text": "corona prevention",
        "userDefined": false
      }
    ],
    "isTemplate": false,
    "count": 0,
    "updated": 0
  },
  {
    "id": "3582e2bd-4013-48a2-824b-71234dba90c3",
    "data": [
      {
        "text": "prevent corona",
        "userDefined": false
      }
    ],
    "isTemplate": false,
    "count": 0,
    "updated": 0
  },
  {
    "id": "e579b63e-bd0c-4b6d-b96d-ed103d391252",
    "data": [
      {
        "text": "how to stay safe?",
        "userDefined": false
      }
    ],
    "isTemplate": false,
    "count": 0,
    "updated": 0
  },
  {
    "id": "6eb7d33d-7ffc-40f3-a5c4-5e6603fe9862",
    "data": [
      {
        "text": "how to prevent?",
        "userDefined": false
      }
    ],
    "isTemplate": false,
    "count": 0,
    "updated": 0
  },
  {
    "id": "7dbd3631-2932-4635-9173-77b27718b4ba",
    "data": [
      {
        "text": "how to stay away from corona?",
        "userDefined": false
      }
    ],
    "isTemplate": false,
    "count": 0,
    "updated": 0
  },
  {
    "id": "be186fad-ec7c-4392-8920-6d5659df767f",
    "data": [
      {
        "text": "prevention",
        "userDefined": false
      }
    ],
    "isTemplate": false,
    "count": 1,
    "updated": 0
  }
]