[
  {
    "id": "737b7602-647f-4f9c-b0e5-5e20379c0fca",
    "data": [
      {
        "text": "corona prevention",
        "userDefined": false
      }
    ],
    "isTemplate": false,
    "count": 0,
    "updated": 0
  },
  {
    "id": "3a54fb25-d7c5-4511-aa51-8b55f2ce27c4",
    "data": [
      {
        "text": "prevent corona",
        "userDefined": false
      }
    ],
    "isTemplate": false,
    "count": 0,
    "updated": 0
  },
  {
    "id": "0bdd61bb-67dd-41db-a968-5fb26f50b318",
    "data": [
      {
        "text": "how to stay safe?",
        "userDefined": false
      }
    ],
    "isTemplate": false,
    "count": 0,
    "updated": 0
  },
  {
    "id": "6ecb981a-421a-4fb3-b242-dbba2073e598",
    "data": [
      {
        "text": "how to prevent?",
        "userDefined": false
      }
    ],
    "isTemplate": false,
    "count": 0,
    "updated": 0
  },
  {
    "id": "61c449aa-852a-4ab5-8e7e-97444260d048",
    "data": [
      {
        "text": "how to stay away from corona?",
        "userDefined": false
      }
    ],
    "isTemplate": false,
    "count": 0,
    "updated": 0
  },
  {
    "id": "ebd4f78c-02a7-4978-8d4e-1201d327a7ec",
    "data": [
      {
        "text": "prevention",
        "userDefined": false
      }
    ],
    "isTemplate": false,
    "count": 1,
    "updated": 0
  }
]