[
  {
    "id": "168c364e-7d68-4023-91e4-ba08a6c7ff02",
    "data": [
      {
        "text": "mail",
        "userDefined": false
      }
    ],
    "isTemplate": false,
    "count": 1,
    "updated": 0
  },
  {
    "id": "bf51be45-2513-42e3-8beb-e2f5030a6b97",
    "data": [
      {
        "text": "E-mail",
        "userDefined": false
      }
    ],
    "isTemplate": false,
    "count": 0,
    "updated": 0
  },
  {
    "id": "73b1239a-69b3-450e-b371-2af068a0dfcc",
    "data": [
      {
        "text": "email",
        "meta": "@sys.ignore",
        "userDefined": true
      }
    ],
    "isTemplate": false,
    "count": 0,
    "updated": 0
  }
]