[
  {
    "id": "413b3bde-d97b-4b84-8de1-c522f7d5c601",
    "data": [
      {
        "text": "mail",
        "userDefined": false
      }
    ],
    "isTemplate": false,
    "count": 1,
    "updated": 0
  },
  {
    "id": "a4184335-e2c6-431f-a2ed-206602af85e7",
    "data": [
      {
        "text": "E-mail",
        "userDefined": false
      }
    ],
    "isTemplate": false,
    "count": 0,
    "updated": 0
  },
  {
    "id": "fd396186-c6e1-4ce8-b2d6-18b9a71c4fb6",
    "data": [
      {
        "text": "email",
        "meta": "@sys.ignore",
        "userDefined": true
      }
    ],
    "isTemplate": false,
    "count": 0,
    "updated": 0
  }
]