[
  {
    "id": "3af371ef-ff8b-4053-8e3e-ae050784f361",
    "data": [
      {
        "text": "dry cough",
        "alias": "symptoms",
        "meta": "@symptoms",
        "userDefined": true
      }
    ],
    "isTemplate": false,
    "count": 0,
    "updated": 0
  },
  {
    "id": "cf43a52a-1f34-49ae-b581-5c6af738b205",
    "data": [
      {
        "text": "sore throat",
        "alias": "symptoms",
        "meta": "@symptoms",
        "userDefined": true
      }
    ],
    "isTemplate": false,
    "count": 0,
    "updated": 0
  },
  {
    "id": "fd2d6a05-23a1-41ac-84f3-604bc7af1fb5",
    "data": [
      {
        "text": "shortness of breadth",
        "alias": "symptoms",
        "meta": "@symptoms",
        "userDefined": true
      }
    ],
    "isTemplate": false,
    "count": 0,
    "updated": 0
  },
  {
    "id": "faaed43a-66b4-4d0e-8c91-e66f9200ccd5",
    "data": [
      {
        "text": "fever",
        "alias": "symptoms",
        "meta": "@symptoms",
        "userDefined": true
      }
    ],
    "isTemplate": false,
    "count": 0,
    "updated": 0
  },
  {
    "id": "645e4040-0e74-40e4-9545-d8530868e46a",
    "data": [
      {
        "text": "cough",
        "alias": "symptoms",
        "meta": "@symptoms",
        "userDefined": true
      }
    ],
    "isTemplate": false,
    "count": 0,
    "updated": 0
  },
  {
    "id": "dc8690c3-7975-48e1-9734-87b4b82a61cc",
    "data": [
      {
        "text": "runny nose",
        "alias": "symptoms",
        "meta": "@symptoms",
        "userDefined": true
      }
    ],
    "isTemplate": false,
    "count": 0,
    "updated": 0
  },
  {
    "id": "c6469a56-f262-4be8-a15e-e5bc46863c46",
    "data": [
      {
        "text": "cold",
        "alias": "symptoms",
        "meta": "@symptoms",
        "userDefined": true
      }
    ],
    "isTemplate": false,
    "count": 0,
    "updated": 0
  },
  {
    "id": "3a1f8627-e6d9-4b6e-876c-d60d86f63866",
    "data": [
      {
        "text": "drowsiness",
        "alias": "symptoms",
        "meta": "@symptoms",
        "userDefined": true
      }
    ],
    "isTemplate": false,
    "count": 0,
    "updated": 0
  },
  {
    "id": "169fec68-1fe7-4a62-a42a-3500249375ef",
    "data": [
      {
        "text": "chest pain",
        "alias": "symptoms",
        "meta": "@symptoms",
        "userDefined": true
      }
    ],
    "isTemplate": false,
    "count": 0,
    "updated": 0
  },
  {
    "id": "0757a6c1-8fb9-441b-bc55-e7f51243a1ec",
    "data": [
      {
        "text": "difficulty in breathing",
        "alias": "symptoms",
        "meta": "@symptoms",
        "userDefined": true
      }
    ],
    "isTemplate": false,
    "count": 0,
    "updated": 0
  }
]