[
  {
    "id": "f310ffce-a4fb-46d2-87da-803516ada760",
    "data": [
      {
        "text": "Test my Symptoms",
        "userDefined": false
      }
    ],
    "isTemplate": false,
    "count": 0,
    "updated": 0
  },
  {
    "id": "ecb85f93-118d-4df5-bdd2-9aaa1b11198e",
    "data": [
      {
        "text": "Examine me",
        "userDefined": false
      }
    ],
    "isTemplate": false,
    "count": 0,
    "updated": 0
  },
  {
    "id": "def4389e-28fd-41f6-b1cb-955139f646c9",
    "data": [
      {
        "text": "Test",
        "userDefined": false
      }
    ],
    "isTemplate": false,
    "count": 0,
    "updated": 0
  },
  {
    "id": "76a1be2e-1ebc-42c7-9c7e-68d805a095a6",
    "data": [
      {
        "text": "I want to check for symptoms",
        "userDefined": false
      }
    ],
    "isTemplate": false,
    "count": 0,
    "updated": 0
  },
  {
    "id": "a53e8d5b-ed21-441b-8e11-0524008f9417",
    "data": [
      {
        "text": "I want to examine myself",
        "userDefined": false
      }
    ],
    "isTemplate": false,
    "count": 0,
    "updated": 0
  },
  {
    "id": "4cdceecd-2384-49a2-a88b-a84fd4719989",
    "data": [
      {
        "text": "Do I have any symptoms",
        "userDefined": false
      }
    ],
    "isTemplate": false,
    "count": 0,
    "updated": 0
  },
  {
    "id": "6e977e41-9623-4b6d-a833-6559ee5037db",
    "data": [
      {
        "text": "I want to check symptoms",
        "userDefined": false
      }
    ],
    "isTemplate": false,
    "count": 0,
    "updated": 0
  },
  {
    "id": "936c0a22-c265-4463-a8d4-f2c32ef3ce94",
    "data": [
      {
        "text": "I wanna check myself",
        "userDefined": false
      }
    ],
    "isTemplate": false,
    "count": 0,
    "updated": 0
  }
]