[
  {
    "id": "368fd143-f55e-4701-b746-b368ce794ad0",
    "data": [
      {
        "text": "dry cough",
        "alias": "symptoms",
        "meta": "@symptoms",
        "userDefined": true
      }
    ],
    "isTemplate": false,
    "count": 0,
    "updated": 0
  },
  {
    "id": "e1e3c549-2d6b-4010-9e0a-295ef10b76cf",
    "data": [
      {
        "text": "sore throat",
        "alias": "symptoms",
        "meta": "@symptoms",
        "userDefined": true
      }
    ],
    "isTemplate": false,
    "count": 0,
    "updated": 0
  },
  {
    "id": "a96a30c5-dfb9-493f-b239-01e56a3158e2",
    "data": [
      {
        "text": "shortness of breadth",
        "alias": "symptoms",
        "meta": "@symptoms",
        "userDefined": true
      }
    ],
    "isTemplate": false,
    "count": 0,
    "updated": 0
  },
  {
    "id": "47cf9b6c-83af-48da-97a3-bae350a90932",
    "data": [
      {
        "text": "fever",
        "alias": "symptoms",
        "meta": "@symptoms",
        "userDefined": true
      }
    ],
    "isTemplate": false,
    "count": 0,
    "updated": 0
  },
  {
    "id": "d473eb4b-f156-4d7e-959b-fcff1e03ce84",
    "data": [
      {
        "text": "cough",
        "alias": "symptoms",
        "meta": "@symptoms",
        "userDefined": true
      }
    ],
    "isTemplate": false,
    "count": 0,
    "updated": 0
  },
  {
    "id": "e2331d64-b7dd-4f1b-b306-4dbb4565e8a1",
    "data": [
      {
        "text": "runny nose",
        "alias": "symptoms",
        "meta": "@symptoms",
        "userDefined": true
      }
    ],
    "isTemplate": false,
    "count": 0,
    "updated": 0
  },
  {
    "id": "5029c544-558a-4a2a-b574-b56ae2d097e0",
    "data": [
      {
        "text": "cold",
        "alias": "symptoms",
        "meta": "@symptoms",
        "userDefined": true
      }
    ],
    "isTemplate": false,
    "count": 0,
    "updated": 0
  },
  {
    "id": "0c494403-c9cb-4292-9a79-78fbb6ebc89f",
    "data": [
      {
        "text": "drowsiness",
        "alias": "symptoms",
        "meta": "@symptoms",
        "userDefined": true
      }
    ],
    "isTemplate": false,
    "count": 0,
    "updated": 0
  },
  {
    "id": "0b68d36b-55b6-42d4-8b77-a2073ee76b15",
    "data": [
      {
        "text": "chest pain",
        "alias": "symptoms",
        "meta": "@symptoms",
        "userDefined": true
      }
    ],
    "isTemplate": false,
    "count": 0,
    "updated": 0
  },
  {
    "id": "df2f78e7-ce34-4b1d-91a0-26897d51c664",
    "data": [
      {
        "text": "difficulty in breathing",
        "alias": "symptoms",
        "meta": "@symptoms",
        "userDefined": true
      }
    ],
    "isTemplate": false,
    "count": 0,
    "updated": 0
  }
]