[
  {
    "id": "0930fcc6-de0d-4a6d-9db2-5826c3e3b77f",
    "data": [
      {
        "text": "symptoms of ",
        "userDefined": false
      },
      {
        "text": "corona",
        "alias": "virus",
        "meta": "@virus",
        "userDefined": false
      }
    ],
    "isTemplate": false,
    "count": 1,
    "updated": 0
  },
  {
    "id": "330ce8cd-e2be-4b3a-98fb-8c407fba6254",
    "data": [
      {
        "text": "what are the symptoms of ",
        "userDefined": false
      },
      {
        "text": "corona",
        "alias": "virus",
        "meta": "@virus",
        "userDefined": false
      }
    ],
    "isTemplate": false,
    "count": 1,
    "updated": 0
  },
  {
    "id": "0256871a-54ef-4853-8425-853ea639f89f",
    "data": [
      {
        "text": "corona",
        "alias": "virus",
        "meta": "@virus",
        "userDefined": false
      },
      {
        "text": " symtoms",
        "userDefined": false
      }
    ],
    "isTemplate": false,
    "count": 0,
    "updated": 0
  },
  {
    "id": "3085f8e3-3510-4579-a9fe-e44f88f6ee9c",
    "data": [
      {
        "text": "tell",
        "alias": "information",
        "meta": "@information",
        "userDefined": false
      },
      {
        "text": " me about ",
        "userDefined": false
      },
      {
        "text": "corona",
        "alias": "virus",
        "meta": "@virus",
        "userDefined": false
      },
      {
        "text": " symptoms",
        "userDefined": false
      }
    ],
    "isTemplate": false,
    "count": 0,
    "updated": 0
  }
]