[
  {
    "id": "c564a415-d657-4fb5-bff1-19fe39f47f4b",
    "data": [
      {
        "text": "Test my Symptoms",
        "userDefined": false
      }
    ],
    "isTemplate": false,
    "count": 0,
    "updated": 0
  },
  {
    "id": "2162a342-6b54-4dd9-869e-125ec8eaed59",
    "data": [
      {
        "text": "Examine me",
        "userDefined": false
      }
    ],
    "isTemplate": false,
    "count": 0,
    "updated": 0
  },
  {
    "id": "aa8349ca-3d1c-4ddc-a96c-116177d763e5",
    "data": [
      {
        "text": "Test",
        "userDefined": false
      }
    ],
    "isTemplate": false,
    "count": 0,
    "updated": 0
  },
  {
    "id": "459974e3-288d-4682-8eba-169247d5b5c3",
    "data": [
      {
        "text": "I want to check for symptoms",
        "userDefined": false
      }
    ],
    "isTemplate": false,
    "count": 0,
    "updated": 0
  },
  {
    "id": "af086e55-257e-45f3-b992-433fd17d6be3",
    "data": [
      {
        "text": "I want to examine myself",
        "userDefined": false
      }
    ],
    "isTemplate": false,
    "count": 0,
    "updated": 0
  },
  {
    "id": "1e0bc4b0-ad15-4bca-b466-af04e0bb1a0f",
    "data": [
      {
        "text": "Do I have any symptoms",
        "userDefined": false
      }
    ],
    "isTemplate": false,
    "count": 0,
    "updated": 0
  },
  {
    "id": "20aaabe7-071b-4a5c-8e2b-21b24f469feb",
    "data": [
      {
        "text": "I want to check symptoms",
        "userDefined": false
      }
    ],
    "isTemplate": false,
    "count": 0,
    "updated": 0
  },
  {
    "id": "8138dcb0-f476-432a-a3f9-f472b62dec5d",
    "data": [
      {
        "text": "I wanna check myself",
        "userDefined": false
      }
    ],
    "isTemplate": false,
    "count": 0,
    "updated": 0
  }
]