[
  {
    "id": "ec402b3e-d349-4b86-80f6-0842c8671518",
    "data": [
      {
        "text": "Do I have any symptoms",
        "userDefined": false
      }
    ],
    "isTemplate": false,
    "count": 0,
    "updated": 0
  },
  {
    "id": "3e1dd2fd-cf9f-4fc4-98cf-1bca9fcb5a16",
    "data": [
      {
        "text": "I want to check symptoms",
        "userDefined": false
      }
    ],
    "isTemplate": false,
    "count": 0,
    "updated": 0
  },
  {
    "id": "0adbbdce-10ed-4eac-907c-99191cc964bc",
    "data": [
      {
        "text": "I wanna check myself",
        "userDefined": false
      }
    ],
    "isTemplate": false,
    "count": 0,
    "updated": 0
  },
  {
    "id": "579ca938-78bc-431d-99ab-23f3d0f7d429",
    "data": [
      {
        "text": "symptoms",
        "userDefined": false
      }
    ],
    "isTemplate": false,
    "count": 0,
    "updated": 0
  },
  {
    "id": "5426ee12-c994-4a2b-859a-133a40bc9089",
    "data": [
      {
        "text": "Symptomps",
        "userDefined": false
      }
    ],
    "isTemplate": false,
    "count": 0,
    "updated": 0
  }
]