[
  {
    "id": "70691e31-fa7f-4858-ac3a-127532a84b9e",
    "data": [
      {
        "text": "symptoms of ",
        "userDefined": false
      },
      {
        "text": "corona",
        "alias": "virus",
        "meta": "@virus",
        "userDefined": false
      }
    ],
    "isTemplate": false,
    "count": 1,
    "updated": 0
  },
  {
    "id": "df59fec2-bb71-42b5-8c63-3e066eb5ce59",
    "data": [
      {
        "text": "what are the symptoms of ",
        "userDefined": false
      },
      {
        "text": "corona",
        "alias": "virus",
        "meta": "@virus",
        "userDefined": false
      }
    ],
    "isTemplate": false,
    "count": 1,
    "updated": 0
  },
  {
    "id": "a8a21770-b22d-4da2-82b6-423e54048181",
    "data": [
      {
        "text": "corona",
        "alias": "virus",
        "meta": "@virus",
        "userDefined": false
      },
      {
        "text": " symtoms",
        "userDefined": false
      }
    ],
    "isTemplate": false,
    "count": 0,
    "updated": 0
  },
  {
    "id": "e9c2b412-bb37-42a3-b3db-29d91333ef5d",
    "data": [
      {
        "text": "tell",
        "alias": "information",
        "meta": "@information",
        "userDefined": false
      },
      {
        "text": " me about ",
        "userDefined": false
      },
      {
        "text": "corona",
        "alias": "virus",
        "meta": "@virus",
        "userDefined": false
      },
      {
        "text": " symptoms",
        "userDefined": false
      }
    ],
    "isTemplate": false,
    "count": 0,
    "updated": 0
  }
]