[
  {
    "id": "1950aead-90ce-4e2d-a8f9-7a5409cb07c5",
    "data": [
      {
        "text": "dry cough",
        "alias": "symptoms",
        "meta": "@symptoms",
        "userDefined": true
      }
    ],
    "isTemplate": false,
    "count": 0,
    "updated": 0
  },
  {
    "id": "b00cad46-da9d-4dad-9100-799d862c16ea",
    "data": [
      {
        "text": "sore throat",
        "alias": "symptoms",
        "meta": "@symptoms",
        "userDefined": true
      }
    ],
    "isTemplate": false,
    "count": 0,
    "updated": 0
  },
  {
    "id": "f78de518-0379-4bd3-99f9-2289cbe346d4",
    "data": [
      {
        "text": "shortness of breadth",
        "alias": "symptoms",
        "meta": "@symptoms",
        "userDefined": true
      }
    ],
    "isTemplate": false,
    "count": 0,
    "updated": 0
  },
  {
    "id": "350bed93-76c3-4bf4-9526-b4ed4f7dd179",
    "data": [
      {
        "text": "fever",
        "alias": "symptoms",
        "meta": "@symptoms",
        "userDefined": true
      }
    ],
    "isTemplate": false,
    "count": 0,
    "updated": 0
  },
  {
    "id": "5c64c086-819f-4430-951d-d0fe83ae2eca",
    "data": [
      {
        "text": "cough",
        "alias": "symptoms",
        "meta": "@symptoms",
        "userDefined": true
      }
    ],
    "isTemplate": false,
    "count": 0,
    "updated": 0
  },
  {
    "id": "8591adc8-8eec-4e95-a82f-35252b88dec1",
    "data": [
      {
        "text": "runny nose",
        "alias": "symptoms",
        "meta": "@symptoms",
        "userDefined": true
      }
    ],
    "isTemplate": false,
    "count": 0,
    "updated": 0
  },
  {
    "id": "b51c77a8-d96a-47ca-9763-2945316a6566",
    "data": [
      {
        "text": "cold",
        "alias": "symptoms",
        "meta": "@symptoms",
        "userDefined": true
      }
    ],
    "isTemplate": false,
    "count": 0,
    "updated": 0
  },
  {
    "id": "9784302e-1448-44bf-a2e2-0b4909b67d6f",
    "data": [
      {
        "text": "drowsiness",
        "alias": "symptoms",
        "meta": "@symptoms",
        "userDefined": true
      }
    ],
    "isTemplate": false,
    "count": 0,
    "updated": 0
  },
  {
    "id": "e76446e9-b38d-4d49-a1a2-45612c206e3c",
    "data": [
      {
        "text": "chest pain",
        "alias": "symptoms",
        "meta": "@symptoms",
        "userDefined": true
      }
    ],
    "isTemplate": false,
    "count": 0,
    "updated": 0
  },
  {
    "id": "6f88d7ee-757f-42e6-b6d3-ac3ca9c2d77a",
    "data": [
      {
        "text": "difficulty in breathing",
        "alias": "symptoms",
        "meta": "@symptoms",
        "userDefined": true
      }
    ],
    "isTemplate": false,
    "count": 0,
    "updated": 0
  }
]