[
  {
    "id": "3a62a727-8242-4bf8-9d1f-b4de4045d60f",
    "data": [
      {
        "text": "can you be treated for corona",
        "userDefined": false
      }
    ],
    "isTemplate": false,
    "count": 0,
    "updated": 0
  },
  {
    "id": "f5ad15bf-52ca-4bd6-acad-4e002fcb60e5",
    "data": [
      {
        "text": "Can I take medicine?",
        "userDefined": false
      }
    ],
    "isTemplate": false,
    "count": 0,
    "updated": 0
  },
  {
    "id": "a6cc3067-385c-4cd4-a3de-33ea77ed4256",
    "data": [
      {
        "text": "Is there an antidote yet?",
        "userDefined": false
      }
    ],
    "isTemplate": false,
    "count": 0,
    "updated": 0
  },
  {
    "id": "2da7f8d7-1e79-4d96-89ee-7ec116267b48",
    "data": [
      {
        "text": "Is there a treatment?",
        "userDefined": false
      }
    ],
    "isTemplate": false,
    "count": 0,
    "updated": 0
  },
  {
    "id": "8c890277-398b-46fb-adfe-403cfa23a96e",
    "data": [
      {
        "text": "what do I do if I have corono virus",
        "userDefined": false
      }
    ],
    "isTemplate": false,
    "count": 0,
    "updated": 0
  },
  {
    "id": "23e17f88-701e-40e6-9ae3-e173700e5d18",
    "data": [
      {
        "text": "what is the solution to coronavirus?",
        "userDefined": false
      }
    ],
    "isTemplate": false,
    "count": 0,
    "updated": 0
  },
  {
    "id": "b513bad5-2f17-438a-ada9-2672da6ba732",
    "data": [
      {
        "text": "what is the solution for covid?",
        "userDefined": false
      }
    ],
    "isTemplate": false,
    "count": 0,
    "updated": 0
  },
  {
    "id": "ccea0754-69bf-4845-b51d-8494c7d7b14e",
    "data": [
      {
        "text": "how can we remove covid?",
        "userDefined": false
      }
    ],
    "isTemplate": false,
    "count": 0,
    "updated": 0
  },
  {
    "id": "7c34fcaa-3fbe-4e1d-9ebd-3bc82b37514b",
    "data": [
      {
        "text": "treatments",
        "userDefined": false
      }
    ],
    "isTemplate": false,
    "count": 0,
    "updated": 0
  },
  {
    "id": "0ad8a51f-47c7-45f2-bbc9-8a83157bc272",
    "data": [
      {
        "text": "Are there any treatments available?",
        "userDefined": false
      }
    ],
    "isTemplate": false,
    "count": 0,
    "updated": 0
  },
  {
    "id": "48a5063b-6002-458e-b17c-f17c71976a0f",
    "data": [
      {
        "text": "How do you treat covid-19",
        "userDefined": false
      }
    ],
    "isTemplate": false,
    "count": 0,
    "updated": 0
  },
  {
    "id": "b7498924-4dc4-4bad-9054-3797c1ce77f5",
    "data": [
      {
        "text": "Should I take antibiotics?",
        "userDefined": false
      }
    ],
    "isTemplate": false,
    "count": 0,
    "updated": 0
  }
]