[
  {
    "id": "0e914488-1a34-4e02-bdc8-a70840c3590d",
    "data": [
      {
        "text": "can you be treated for corona",
        "userDefined": false
      }
    ],
    "isTemplate": false,
    "count": 0,
    "updated": 0
  },
  {
    "id": "e502b5eb-49b2-4792-a77c-1ee66b7edaf1",
    "data": [
      {
        "text": "Can I take medicine?",
        "userDefined": false
      }
    ],
    "isTemplate": false,
    "count": 0,
    "updated": 0
  },
  {
    "id": "960c0287-2ebb-4eb5-9304-5f4014cb8f46",
    "data": [
      {
        "text": "Is there an antidote yet?",
        "userDefined": false
      }
    ],
    "isTemplate": false,
    "count": 0,
    "updated": 0
  },
  {
    "id": "7fe9ce4f-7956-4243-a463-4804475bab6b",
    "data": [
      {
        "text": "Is there a treatment?",
        "userDefined": false
      }
    ],
    "isTemplate": false,
    "count": 0,
    "updated": 0
  },
  {
    "id": "fab6c200-0108-4189-be1f-a49d287ac7d4",
    "data": [
      {
        "text": "what do I do if I have corono virus",
        "userDefined": false
      }
    ],
    "isTemplate": false,
    "count": 0,
    "updated": 0
  },
  {
    "id": "4b27e107-6f91-4311-8675-911472824a75",
    "data": [
      {
        "text": "what is the solution to coronavirus?",
        "userDefined": false
      }
    ],
    "isTemplate": false,
    "count": 0,
    "updated": 0
  },
  {
    "id": "0b74d6fd-3c1b-4ba1-9a26-b43eabf50ee8",
    "data": [
      {
        "text": "what is the solution for covid?",
        "userDefined": false
      }
    ],
    "isTemplate": false,
    "count": 0,
    "updated": 0
  },
  {
    "id": "68cbef7d-4234-411e-9615-446280c81763",
    "data": [
      {
        "text": "how can we remove covid?",
        "userDefined": false
      }
    ],
    "isTemplate": false,
    "count": 0,
    "updated": 0
  },
  {
    "id": "b13cefbe-c859-4c29-9cf3-6bf197c9137b",
    "data": [
      {
        "text": "treatments",
        "userDefined": false
      }
    ],
    "isTemplate": false,
    "count": 0,
    "updated": 0
  },
  {
    "id": "c9199453-4a9d-4145-83d4-791d655a80dc",
    "data": [
      {
        "text": "Are there any treatments available?",
        "userDefined": false
      }
    ],
    "isTemplate": false,
    "count": 0,
    "updated": 0
  },
  {
    "id": "aad9b622-c812-4a50-a3fe-f0f99b8e074b",
    "data": [
      {
        "text": "How do you treat covid-19",
        "userDefined": false
      }
    ],
    "isTemplate": false,
    "count": 0,
    "updated": 0
  },
  {
    "id": "d63c528a-0b30-4435-b52b-42a7aed9861c",
    "data": [
      {
        "text": "Should I take antibiotics?",
        "userDefined": false
      }
    ],
    "isTemplate": false,
    "count": 0,
    "updated": 0
  }
]