[
  {
    "id": "8d3b04ca-cc87-445f-98d5-3aceed512ebe",
    "data": [
      {
        "text": "can you be treated for corona",
        "userDefined": false
      }
    ],
    "isTemplate": false,
    "count": 0,
    "updated": 0
  },
  {
    "id": "1c90f939-96f3-49f1-855c-7a87d7a77183",
    "data": [
      {
        "text": "Can I take medicine?",
        "userDefined": false
      }
    ],
    "isTemplate": false,
    "count": 0,
    "updated": 0
  },
  {
    "id": "e9524ffb-55cc-4f15-bac1-802e11fd8a84",
    "data": [
      {
        "text": "Is there an antidote yet?",
        "userDefined": false
      }
    ],
    "isTemplate": false,
    "count": 0,
    "updated": 0
  },
  {
    "id": "7876a558-770f-48b0-8436-5139f8715ca0",
    "data": [
      {
        "text": "Is there a treatment?",
        "userDefined": false
      }
    ],
    "isTemplate": false,
    "count": 0,
    "updated": 0
  },
  {
    "id": "58bc1e91-fc83-4459-b192-0ee4c609ca72",
    "data": [
      {
        "text": "what do I do if I have corono virus",
        "userDefined": false
      }
    ],
    "isTemplate": false,
    "count": 0,
    "updated": 0
  },
  {
    "id": "56f6bf16-c0ad-4b63-a8be-35cc6dbd38df",
    "data": [
      {
        "text": "what is the solution to coronavirus?",
        "userDefined": false
      }
    ],
    "isTemplate": false,
    "count": 0,
    "updated": 0
  },
  {
    "id": "abb66e0d-0858-41e8-ac9f-b91d4c64792b",
    "data": [
      {
        "text": "what is the solution for covid?",
        "userDefined": false
      }
    ],
    "isTemplate": false,
    "count": 0,
    "updated": 0
  },
  {
    "id": "b88ff3a8-7bf1-4c6d-881a-7ebeaaa30048",
    "data": [
      {
        "text": "how can we remove covid?",
        "userDefined": false
      }
    ],
    "isTemplate": false,
    "count": 0,
    "updated": 0
  },
  {
    "id": "38aecf6e-0dd3-430e-ba3e-4345de1f392f",
    "data": [
      {
        "text": "treatments",
        "userDefined": false
      }
    ],
    "isTemplate": false,
    "count": 0,
    "updated": 0
  },
  {
    "id": "36ef1a9b-46d7-462c-9682-508f71772e17",
    "data": [
      {
        "text": "Are there any treatments available?",
        "userDefined": false
      }
    ],
    "isTemplate": false,
    "count": 0,
    "updated": 0
  },
  {
    "id": "01559f8b-acd9-4620-8125-02e1a8968fe9",
    "data": [
      {
        "text": "How do you treat covid-19",
        "userDefined": false
      }
    ],
    "isTemplate": false,
    "count": 0,
    "updated": 0
  },
  {
    "id": "19b7678b-fe74-41d8-b5ce-4b5a488a2dc5",
    "data": [
      {
        "text": "Should I take antibiotics?",
        "userDefined": false
      }
    ],
    "isTemplate": false,
    "count": 0,
    "updated": 0
  }
]