[
  {
    "id": "02e81ef2-30e5-4280-bdfe-3a241d3b55e6",
    "data": [
      {
        "text": "Is it true that we have a vaccine already?",
        "userDefined": false
      }
    ],
    "isTemplate": false,
    "count": 0,
    "updated": 0
  },
  {
    "id": "c102e2c6-e330-41e3-980e-a21981fb22ac",
    "data": [
      {
        "text": "how far away is a coronavirus vaccine?",
        "userDefined": false
      }
    ],
    "isTemplate": false,
    "count": 0,
    "updated": 0
  },
  {
    "id": "36ca454e-9dcb-46c9-8e1d-7a129d4e24d7",
    "data": [
      {
        "text": "is there a vaccine?",
        "userDefined": false
      }
    ],
    "isTemplate": false,
    "count": 0,
    "updated": 0
  },
  {
    "id": "38fd0bf2-1471-45a3-b2c8-33679596918e",
    "data": [
      {
        "text": "Do we have a vaccine available?",
        "userDefined": false
      }
    ],
    "isTemplate": false,
    "count": 0,
    "updated": 0
  },
  {
    "id": "1e5ba33a-6829-446d-aba1-5491daa88829",
    "data": [
      {
        "text": "Vaccine",
        "userDefined": false
      }
    ],
    "isTemplate": false,
    "count": 0,
    "updated": 0
  },
  {
    "id": "61feb621-adf6-4256-b590-7ce651dea79d",
    "data": [
      {
        "text": "Can I get a vaccine?",
        "userDefined": false
      }
    ],
    "isTemplate": false,
    "count": 0,
    "updated": 0
  },
  {
    "id": "573cf19d-17be-4dd0-87ae-c1434eae3e2f",
    "data": [
      {
        "text": "What about vaccines?",
        "userDefined": false
      }
    ],
    "isTemplate": false,
    "count": 0,
    "updated": 0
  },
  {
    "id": "df12b666-34a2-4f7e-a8a1-92abcfa62e81",
    "data": [
      {
        "text": "Where can I get a vaccine?",
        "userDefined": false
      }
    ],
    "isTemplate": false,
    "count": 0,
    "updated": 0
  }
]