[
  {
    "id": "1c66e55d-5760-4f31-915b-6d8ec50e4cc3",
    "data": [
      {
        "text": "Is it true that we have a vaccine already?",
        "userDefined": false
      }
    ],
    "isTemplate": false,
    "count": 0,
    "updated": 0
  },
  {
    "id": "c32c19c9-87e9-40f2-9ffc-fcdbba59014d",
    "data": [
      {
        "text": "how far away is a coronavirus vaccine?",
        "userDefined": false
      }
    ],
    "isTemplate": false,
    "count": 0,
    "updated": 0
  },
  {
    "id": "415c3dbb-4f38-485d-b478-87edad843e46",
    "data": [
      {
        "text": "is there a vaccine?",
        "userDefined": false
      }
    ],
    "isTemplate": false,
    "count": 0,
    "updated": 0
  },
  {
    "id": "6cd981a2-e4fe-4720-b18a-6c98cf50303b",
    "data": [
      {
        "text": "Do we have a vaccine available?",
        "userDefined": false
      }
    ],
    "isTemplate": false,
    "count": 0,
    "updated": 0
  },
  {
    "id": "b080361a-5324-4afe-a505-e989329dcace",
    "data": [
      {
        "text": "Vaccine",
        "userDefined": false
      }
    ],
    "isTemplate": false,
    "count": 0,
    "updated": 0
  },
  {
    "id": "6d2a0d54-95ae-4559-9992-7e71233e8047",
    "data": [
      {
        "text": "Can I get a vaccine?",
        "userDefined": false
      }
    ],
    "isTemplate": false,
    "count": 0,
    "updated": 0
  },
  {
    "id": "6591a566-7edc-49eb-b3c3-4784ef7356ac",
    "data": [
      {
        "text": "What about vaccines?",
        "userDefined": false
      }
    ],
    "isTemplate": false,
    "count": 0,
    "updated": 0
  },
  {
    "id": "9fa2ba58-64d6-456e-83de-8498c838aaab",
    "data": [
      {
        "text": "Where can I get a vaccine?",
        "userDefined": false
      }
    ],
    "isTemplate": false,
    "count": 0,
    "updated": 0
  }
]