[
  {
    "id": "372381ff-e927-4d07-9cf0-900569364369",
    "data": [
      {
        "text": "total",
        "userDefined": false
      }
    ],
    "isTemplate": false,
    "count": 1,
    "updated": 0
  },
  {
    "id": "73865a17-9fa0-4506-a64f-b4c1611a087b",
    "data": [
      {
        "text": "world",
        "alias": "world",
        "meta": "@world",
        "userDefined": true
      }
    ],
    "isTemplate": false,
    "count": 0,
    "updated": 0
  },
  {
    "id": "0bd67123-d0dd-4135-b4a2-26a062a806db",
    "data": [
      {
        "text": "world wide",
        "alias": "world",
        "meta": "@world",
        "userDefined": true
      }
    ],
    "isTemplate": false,
    "count": 0,
    "updated": 0
  },
  {
    "id": "b7edc34f-1c72-4a37-a92f-36004172be23",
    "data": [
      {
        "text": "worldwide",
        "alias": "world",
        "meta": "@world",
        "userDefined": true
      }
    ],
    "isTemplate": false,
    "count": 0,
    "updated": 0
  }
]