[
  {
    "id": "6a5b1ced-5761-4681-b100-f35860cac7a4",
    "data": [
      {
        "text": "total",
        "userDefined": false
      }
    ],
    "isTemplate": false,
    "count": 1,
    "updated": 0
  },
  {
    "id": "83fedea7-5d29-4934-808b-6e1c013731e4",
    "data": [
      {
        "text": "world",
        "alias": "world",
        "meta": "@world",
        "userDefined": true
      }
    ],
    "isTemplate": false,
    "count": 0,
    "updated": 0
  },
  {
    "id": "c43f38b3-3a36-4cdd-ba36-e71c32f25abf",
    "data": [
      {
        "text": "world wide",
        "alias": "world",
        "meta": "@world",
        "userDefined": true
      }
    ],
    "isTemplate": false,
    "count": 0,
    "updated": 0
  },
  {
    "id": "43c9eef5-ff30-4a28-8663-a7eb577ff79e",
    "data": [
      {
        "text": "worldwide",
        "alias": "world",
        "meta": "@world",
        "userDefined": true
      }
    ],
    "isTemplate": false,
    "count": 0,
    "updated": 0
  }
]