[
  {
    "value": "diabetes",
    "synonyms": [
      "diabetes"
    ]
  },
  {
    "value": "high blood pressure",
    "synonyms": [
      "high blood pressure"
    ]
  },
  {
    "value": "heart disease",
    "synonyms": [
      "heart disease"
    ]
  },
  {
    "value": "kidney disease",
    "synonyms": [
      "kidney disease"
    ]
  },
  {
    "value": "lung disease",
    "synonyms": [
      "lung disease"
    ]
  },
  {
    "value": "Stoke",
    "synonyms": [
      "Stoke"
    ]
  },
  {
    "value": "reduced immunity",
    "synonyms": [
      "reduced immunity"
    ]
  }
]