[
  {
    "value": "dry cough",
    "synonyms": [
      "dry cough"
    ]
  },
  {
    "value": "sore throat",
    "synonyms": [
      "sore throat"
    ]
  },
  {
    "value": "shortness of breadth",
    "synonyms": [
      "shortness of breadth"
    ]
  },
  {
    "value": "fever",
    "synonyms": [
      "fever"
    ]
  },
  {
    "value": "cough",
    "synonyms": [
      "cough"
    ]
  },
  {
    "value": "runny nose",
    "synonyms": [
      "runny nose"
    ]
  },
  {
    "value": "cold",
    "synonyms": [
      "cold"
    ]
  },
  {
    "value": "drowsiness",
    "synonyms": [
      "drowsiness"
    ]
  },
  {
    "value": "chest pain",
    "synonyms": [
      "chest pain"
    ]
  },
  {
    "value": "difficulty in breathing",
    "synonyms": [
      "difficulty in breathing"
    ]
  },
  {
    "value": "none",
    "synonyms": [
      "none"
    ]
  }
]